Symbol,Full Name,GICS Sector,GICS Sub-Industry,industry_code,industry_name,data_availability,location,total_esg_score,environmental_score,environmental_mean,environmental_max,social_score,social_mean,social_max,governance_score,governance_mean,governance_max,percentile,ratingYear,ratingMonth,marketCap,beta,overallRisk,processed
A,Agilent Technologies,Health Care,Life Sciences Tools & Services,LIF,Life Sciences Tools & Services,Very High,United States of America,61.0,61.0,37.0,90.0,61.0,36.0,86.0,61.0,41.0,72.0,87.99,2023.0,9.0,39751831552,1.054,8,True
AAL,American Airlines Group,Industrials,Passenger Airlines,AIR,Airlines,Very High,United States of America,65.0,73.0,44.0,93.0,59.0,46.0,94.0,62.0,45.0,81.0,92.69,2023.0,9.0,7335383552,1.433,10,True
AAPL,Apple Inc.,Information Technology,"Technology Hardware, Storage & Peripherals",THQ,Computers & Peripherals and Office Electronics,High,United States of America,46.0,54.0,45.0,95.0,44.0,44.0,90.0,41.0,44.0,88.0,57.83,2023.0,9.0,3296096681984,1.24,1,True
ABBV,AbbVie,Health Care,Biotechnology,BTC,Biotechnology,Very High,United States of America,69.0,63.0,15.0,76.0,74.0,23.0,76.0,65.0,32.0,68.0,96.61,2023.0,9.0,341698445312,0.619,6,True
ABT,Abbott Laboratories,Health Care,Health Care Equipment,MTC,Health Care Equipment & Supplies,Very High,United States of America,64.0,66.0,26.0,74.0,66.0,30.0,77.0,60.0,37.0,71.0,91.51,2023.0,9.0,205534380032,0.722,7,True
ACGL,Arch Capital Group,Financials,Property & Casualty Insurance,INS,Insurance,High,Bermuda,34.0,27.0,36.0,93.0,26.0,38.0,98.0,43.0,44.0,93.0,15.54,2023.0,9.0,42855567360,0.596,5,True
ACN,Accenture,Information Technology,IT Consulting & Other Services,TSV,IT services,High,Ireland,54.0,68.0,33.0,94.0,44.0,33.0,90.0,55.0,39.0,88.0,75.59,2023.0,9.0,211116474368,1.239,2,True
ADBE,Adobe Inc.,Information Technology,Application Software,SOF,Software,Very High,United States of America,59.0,74.0,21.0,90.0,49.0,23.0,76.0,59.0,30.0,76.0,84.73,2023.0,9.0,231233028096,1.296,1,True
ADI,Analog Devices,Information Technology,Semiconductors,SEM,Semiconductors & Semiconductor Equipment,High,United States of America,44.0,55.0,33.0,95.0,38.0,31.0,92.0,40.0,31.0,91.0,52.22,2023.0,9.0,111884697600,1.073,9,True
ADP,Automatic Data Processing,Industrials,Human Resource & Employment Services,PRO,Professional Services,Medium,United States of America,40.0,46.0,37.0,99.0,31.0,34.0,90.0,49.0,41.0,81.0,37.47,2023.0,9.0,113942003712,0.802,2,True
ADSK,Autodesk,Information Technology,Application Software,SOF,Software,Very High,United States of America,57.0,62.0,22.0,92.0,47.0,24.0,82.0,63.0,35.0,77.0,81.07,2023.0,9.0,57698152448,1.476,2,True
AEE,Ameren,Utilities,Multi-Utilities,MUW,Multi and Water Utilities,High,United States of America,35.0,32.0,41.0,80.0,36.0,42.0,87.0,41.0,46.0,81.0,17.36,2023.0,9.0,22804828160,0.458,7,True
AEP,American Electric Power,Utilities,Electric Utilities,ELC,Electric Utilities,Very High,United States of America,40.0,36.0,45.0,95.0,38.0,40.0,96.0,50.0,45.0,86.0,37.47,2023.0,9.0,55846035456,0.533,2,True
AES,AES Corporation,Utilities,Independent Power Producers & Energy Traders,ELC,Electric Utilities,Very High,United States of America,69.0,75.0,45.0,95.0,59.0,40.0,96.0,71.0,45.0,86.0,96.61,2023.0,9.0,13678178304,1.062,4,True
AFL,Aflac,Financials,Life & Health Insurance,INS,Insurance,Very High,United States of America,45.0,42.0,36.0,93.0,36.0,38.0,98.0,51.0,44.0,93.0,55.09,2023.0,9.0,61698056192,0.949,6,True
AIG,American International Group,Financials,Multi-line Insurance,INS,Insurance,High,United States of America,41.0,38.0,36.0,93.0,32.0,38.0,98.0,49.0,44.0,93.0,41.25,2023.0,9.0,47394791424,1.075,2,True
AIZ,Assurant,Financials,Multi-line Insurance,INS,Insurance,High,United States of America,44.0,44.0,36.0,93.0,39.0,38.0,98.0,47.0,44.0,93.0,52.22,2023.0,9.0,10138020864,0.563,1,True
AJG,Arthur J. Gallagher & Co.,Financials,Insurance Brokers,INS,Insurance,High,United States of America,34.0,23.0,36.0,93.0,27.0,38.0,98.0,42.0,44.0,93.0,15.54,2023.0,9.0,65631498240,0.729,7,True
AKAM,Akamai Technologies,Information Technology,Internet Services & Infrastructure,TSV,IT services,Very High,United States of America,55.0,67.0,33.0,94.0,43.0,33.0,90.0,60.0,39.0,88.0,77.55,2023.0,9.0,15044968448,0.676,3,True
ALB,Albemarle Corporation,Materials,Specialty Chemicals,CHM,Chemicals,High,United States of America,60.0,59.0,34.0,90.0,65.0,32.0,89.0,56.0,31.0,87.0,86.03,2023.0,9.0,10556814336,1.543,7,True
ALL,Allstate,Financials,Property & Casualty Insurance,INS,Insurance,Very High,United States of America,57.0,65.0,36.0,93.0,58.0,38.0,98.0,54.0,44.0,93.0,81.07,2023.0,9.0,50315587584,0.477,4,True
ALLE,Allegion,Industrials,Building Products,BLD,Building Products,Medium,Ireland,37.0,38.0,33.0,89.0,34.0,32.0,84.0,39.0,32.0,82.0,23.63,2023.0,9.0,12491554816,1.123,6,True
AMAT,Applied Materials,Information Technology,Semiconductor Materials & Equipment,SEM,Semiconductors & Semiconductor Equipment,High,United States of America,48.0,46.0,32.0,96.0,42.0,35.0,92.0,54.0,35.0,94.0,62.14,2023.0,9.0,155474345984,1.541,1,True
AME,Ametek,Industrials,Electrical Components & Equipment,ELQ,Electrical Components & Equipment,Very High,United States of America,44.0,39.0,32.0,90.0,47.0,35.0,86.0,46.0,36.0,84.0,52.22,2023.0,9.0,39030026240,1.173,8,True
AMGN,Amgen,Health Care,Biotechnology,BTC,Biotechnology,Very High,United States of America,42.0,48.0,15.0,76.0,39.0,23.0,76.0,44.0,32.0,68.0,44.91,2023.0,9.0,178823086080,0.605,2,True
AMP,Ameriprise Financial,Financials,Asset Management & Custody Banks,FBN,Diversified Financial Services and Capital Markets,High,United States of America,34.0,27.0,28.0,92.0,28.0,29.0,88.0,40.0,36.0,91.0,15.54,2023.0,9.0,44403879936,1.346,5,True
AMT,American Tower,Real Estate,Telecom Tower REITs,REI,Equity Real Estate Investment Trusts (REITs),High,United States of America,45.0,49.0,41.0,91.0,39.0,29.0,75.0,46.0,41.0,77.0,55.09,2023.0,9.0,112249135104,0.83,1,True
AMZN,Amazon,Consumer Discretionary,Broadline Retail,RTS,Retailing,Medium,United States of America,23.0,24.0,22.0,88.0,21.0,23.0,92.0,24.0,27.0,78.0,1.44,2023.0,9.0,1961417768960,1.146,9,True
ANET,Arista Networks,Information Technology,Communications Equipment,CMT,Communications Equipment,Medium,United States of America,37.0,36.0,26.0,76.0,31.0,28.0,84.0,44.0,32.0,65.0,23.63,2023.0,9.0,113393524736,1.073,10,True
ANSS,Ansys,Information Technology,Application Software,SOF,Software,Very High,United States of America,45.0,48.0,22.0,92.0,36.0,24.0,82.0,51.0,35.0,77.0,55.09,2023.0,9.0,27723399168,1.114,2,True
AOS,A. O. Smith,Industrials,Building Products,BLD,Building Products,Low,United States of America,27.0,23.0,36.0,87.0,21.0,36.0,80.0,38.0,38.0,83.0,4.96,2023.0,9.0,11915595776,1.147,10,True
APA,APA Corporation,Energy,Oil & Gas Exploration & Production,OGX,Oil & Gas Upstream & Integrated,High,United States of America,45.0,34.0,36.0,85.0,49.0,38.0,94.0,54.0,43.0,74.0,55.09,2021.0,3.0,9340100608,3.243,9,True
APD,Air Products,Materials,Industrial Gases,CHM,Chemicals,Very High,United States of America,64.0,68.0,36.0,93.0,66.0,34.0,89.0,55.0,36.0,78.0,91.51,2023.0,9.0,64722276352,0.828,7,True
APH,Amphenol,Information Technology,Electronic Components,ITC,"Electronic Equipment, Instruments & Components",High,United States of America,42.0,47.0,32.0,94.0,29.0,33.0,88.0,49.0,34.0,84.0,44.91,2023.0,9.0,77062520832,1.246,8,True
ARE,Alexandria Real Estate Equities,Real Estate,Office REITs,REI,Equity Real Estate Investment Trusts (REITs),Very High,United States of America,58.0,68.0,41.0,91.0,51.0,29.0,75.0,52.0,41.0,77.0,83.16,2023.0,9.0,21814970368,1.173,9,True
ATO,Atmos Energy,Utilities,Gas Utilities,GAS,Gas Utilities,Low,United States of America,25.0,25.0,48.0,94.0,14.0,44.0,91.0,36.0,44.0,86.0,2.48,2023.0,9.0,21445437440,0.67,8,True
AVB,AvalonBay Communities,Real Estate,Multi-Family Residential REITs,REI,Equity Real Estate Investment Trusts (REITs),High,United States of America,43.0,49.0,35.0,95.0,41.0,28.0,83.0,39.0,35.0,73.0,49.09,2023.0,9.0,33116518400,0.986,6,True
AVGO,Broadcom,Information Technology,Semiconductors,SEM,Semiconductors & Semiconductor Equipment,Medium,United States of America,36.0,32.0,32.0,96.0,40.0,35.0,92.0,38.0,35.0,94.0,19.32,2023.0,9.0,758829154304,1.183,9,True
AVY,Avery Dennison,Materials,Paper & Plastic Packaging Products & Materials,CTR,Containers & Packaging,High,United States of America,49.0,57.0,46.0,94.0,44.0,39.0,91.0,45.0,41.0,85.0,65.14,2023.0,9.0,17797928960,0.895,7,True
AWK,American Water Works,Utilities,Water Utilities,MUW,Multi and Water Utilities,Very High,United States of America,48.0,40.0,39.0,84.0,56.0,39.0,86.0,52.0,40.0,84.0,62.14,2023.0,9.0,29209964544,0.691,2,True
AXP,American Express,Financials,Consumer Finance,FBN,Diversified Financial Services and Capital Markets,High,United States of America,38.0,37.0,21.0,98.0,34.0,23.0,88.0,41.0,29.0,82.0,29.24,2023.0,9.0,188676046848,1.212,3,True
AZO,AutoZone,Consumer Discretionary,Automotive Retail,RTS,Retailing,High,United States of America,33.0,29.0,27.0,92.0,28.0,28.0,94.0,40.0,34.0,86.0,13.32,2023.0,9.0,52974329856,0.709,6,True
BA,Boeing,Industrials,Aerospace & Defense,ARO,Aerospace & Defense,High,United States of America,37.0,50.0,28.0,73.0,48.0,28.0,78.0,18.0,33.0,86.0,23.63,2023.0,9.0,96371113984,1.575,9,True
BAC,Bank of America,Financials,Diversified Banks,BNK,Banks,Very High,United States of America,52.0,56.0,26.0,81.0,53.0,30.0,93.0,50.0,35.0,89.0,71.67,2023.0,9.0,306891390976,1.34,2,True
BALL,Ball Corporation,Materials,"Metal, Glass & Plastic Containers",CTR,Containers & Packaging,Very High,United States of America,67.0,68.0,46.0,94.0,67.0,39.0,91.0,67.0,41.0,85.0,94.78,2023.0,9.0,20405639168,0.878,8,True
BAX,Baxter International,Health Care,Health Care Equipment,MTC,Health Care Equipment & Supplies,Very High,United States of America,51.0,64.0,26.0,74.0,45.0,30.0,77.0,53.0,37.0,71.0,69.45,2023.0,9.0,20539770880,0.593,4,True
BBWI,"Bath & Body Works, Inc.",Consumer Discretionary,Other Specialty Retail,RTS,Retailing,Very High,United States of America,37.0,32.0,27.0,92.0,35.0,28.0,94.0,43.0,34.0,86.0,23.63,2023.0,9.0,6389305856,1.753,8,True
BBY,Best Buy,Consumer Discretionary,Computer & Electronics Retail,RTS,Retailing,Very High,United States of America,47.0,52.0,27.0,92.0,35.0,28.0,94.0,55.0,34.0,86.0,59.66,2023.0,9.0,21360842752,1.479,1,True
BG,Bunge Global,Consumer Staples,Agricultural Products & Services,FOA,Food Products,Very High,United States of America,38.0,44.0,28.0,88.0,32.0,30.0,87.0,40.0,28.0,83.0,29.24,2023.0,9.0,13837887488,0.637,3,True
BIIB,Biogen,Health Care,Biotechnology,BTC,Biotechnology,Very High,United States of America,69.0,47.0,12.0,71.0,77.0,23.0,77.0,67.0,29.0,68.0,96.61,2023.0,9.0,29071065088,-0.057,3,True
BIO,Bio-Rad Laboratories,Health Care,Life Sciences Tools & Services,LIF,Life Sciences Tools & Services,Very High,United States of America,46.0,37.0,30.0,89.0,50.0,28.0,81.0,45.0,31.0,70.0,57.83,2023.0,9.0,9264203776,0.947,10,True
BKNG,Booking Holdings,Consumer Discretionary,"Hotels, Resorts & Cruise Lines",TRT,"Hotels, Resorts & Cruise Lines",High,United States of America,33.0,30.0,34.0,91.0,30.0,31.0,93.0,37.0,38.0,80.0,13.32,2023.0,9.0,135520034816,1.4,1,True
BLK,BlackRock,Financials,Asset Management & Custody Banks,FBN,Diversified Financial Services and Capital Markets,Very High,United States of America,47.0,45.0,21.0,98.0,45.0,23.0,88.0,49.0,29.0,82.0,59.66,2023.0,9.0,133984739328,1.317,9,True
BR,Broadridge Financial Solutions,Industrials,Data Processing & Outsourced Services,PRO,Professional Services,Medium,United States of America,48.0,48.0,37.0,99.0,40.0,34.0,90.0,57.0,41.0,81.0,62.14,2023.0,9.0,24700252160,1.059,3,True
BRO,Brown & Brown,Financials,Insurance Brokers,INS,Insurance,Low,United States of America,26.0,5.0,36.0,93.0,22.0,38.0,98.0,37.0,44.0,93.0,3.39,2023.0,9.0,29438932992,0.829,4,True
BSX,Boston Scientific,Health Care,Health Care Equipment,MTC,Health Care Equipment & Supplies,Very High,United States of America,55.0,51.0,26.0,74.0,57.0,30.0,77.0,55.0,37.0,71.0,77.55,2023.0,9.0,122978729984,0.797,8,True
BWA,BorgWarner,Consumer Discretionary,Automotive Parts & Equipment,ATX,Auto Components,High,United States of America,49.0,52.0,38.0,90.0,49.0,36.0,78.0,45.0,37.0,79.0,65.14,2023.0,9.0,7493600256,1.182,1,True
BX,Blackstone Inc.,Financials,Asset Management & Custody Banks,FBN,Diversified Financial Services and Capital Markets,Medium,United States of America,27.0,22.0,28.0,92.0,23.0,29.0,88.0,32.0,36.0,91.0,4.96,2023.0,9.0,188779577344,1.5,10,True
BXP,"BXP, Inc.",Real Estate,Office REITs,REI,Equity Real Estate Investment Trusts (REITs),Very High,United States of America,61.0,79.0,41.0,91.0,53.0,29.0,75.0,46.0,41.0,77.0,87.99,2023.0,9.0,14431182848,1.199,10,True
C,Citigroup,Financials,Diversified Banks,BNK,Banks,Medium,United States of America,43.0,39.0,26.0,81.0,44.0,30.0,93.0,43.0,35.0,89.0,49.09,2023.0,9.0,113113464832,1.435,1,True
CAG,Conagra Brands,Consumer Staples,Packaged Foods & Meats,FOA,Food Products,Very High,United States of America,44.0,48.0,34.0,86.0,38.0,34.0,89.0,44.0,33.0,84.0,52.22,2023.0,9.0,15617014784,0.309,6,True
CAH,Cardinal Health,Health Care,Health Care Distributors,HEA,Health Care Providers & Services,Very High,United States of America,52.0,71.0,25.0,81.0,50.0,25.0,86.0,50.0,28.0,67.0,71.67,2023.0,9.0,27622834176,0.616,1,True
CAT,Caterpillar Inc.,Industrials,Construction Machinery & Heavy Transportation Equipment,IEQ,Machinery and Electrical Equipment,Very High,United States of America,41.0,39.0,31.0,78.0,43.0,34.0,84.0,40.0,35.0,82.0,41.25,2023.0,9.0,171503566848,1.089,6,True
CB,Chubb Limited,Financials,Property & Casualty Insurance,INS,Insurance,Medium,Swiss Confederation,34.0,40.0,36.0,93.0,21.0,38.0,98.0,41.0,44.0,93.0,15.54,2023.0,9.0,117455929344,0.674,8,True
CBOE,Cboe Global Markets,Financials,Financial Exchanges & Data,FBN,Diversified Financial Services and Capital Markets,Very High,United States of America,45.0,44.0,28.0,92.0,43.0,29.0,88.0,46.0,36.0,91.0,55.09,2023.0,9.0,22355052544,0.673,2,True
CBRE,CBRE Group,Real Estate,Real Estate Services,REM,Real Estate Management & Development,Very High,United States of America,73.0,81.0,30.0,96.0,66.0,28.0,88.0,70.0,32.0,82.0,98.69,2023.0,9.0,36618518528,1.4,3,True
CCI,Crown Castle,Real Estate,Telecom Tower REITs,REI,Equity Real Estate Investment Trusts (REITs),High,United States of America,39.0,38.0,35.0,95.0,35.0,28.0,83.0,46.0,35.0,73.0,33.42,2023.0,9.0,52256673792,0.861,4,True
CCL,Carnival,Consumer Discretionary,"Hotels, Resorts & Cruise Lines",TRT,"Hotels, Resorts & Cruise Lines",Very High,United States of America,40.0,33.0,23.0,78.0,41.0,29.0,86.0,46.0,32.0,70.0,37.47,2023.0,9.0,23359668224,2.693,10,True
CDNS,Cadence Design Systems,Information Technology,Application Software,SOF,Software,Very High,United States of America,48.0,64.0,22.0,92.0,37.0,24.0,82.0,49.0,35.0,77.0,62.14,2023.0,9.0,75243003904,1.02,3,True
CDW,CDW,Information Technology,Technology Distributors,ITC,"Electronic Equipment, Instruments & Components",Medium,United States of America,30.0,27.0,32.0,94.0,29.0,33.0,88.0,36.0,34.0,84.0,9.14,2023.0,9.0,29830193152,1.033,3,True
CE,Celanese,Materials,Specialty Chemicals,CHM,Chemicals,Medium,United States of America,51.0,54.0,36.0,93.0,43.0,34.0,89.0,56.0,36.0,78.0,69.45,2023.0,9.0,13741040640,1.294,5,True
CF,CF Industries,Materials,Fertilizers & Agricultural Chemicals,CHM,Chemicals,High,United States of America,42.0,29.0,36.0,93.0,44.0,34.0,89.0,56.0,36.0,78.0,44.91,2023.0,9.0,14698166272,0.946,2,True
CFG,Citizens Financial Group,Financials,Regional Banks,BNK,Banks,High,United States of America,38.0,37.0,29.0,87.0,31.0,35.0,96.0,43.0,42.0,92.0,29.24,2023.0,9.0,18201001984,1.328,9,True
CHD,Church & Dwight,Consumer Staples,Household Products,HOU,Household Products,High,United States of America,42.0,47.0,47.0,79.0,38.0,39.0,61.0,43.0,39.0,69.0,44.91,2023.0,9.0,25759404032,0.54,4,True
CHRW,C.H. Robinson,Industrials,Air Freight & Logistics,TRA,Transportation and Transportation Infrastructure,High,United States of America,42.0,33.0,37.0,89.0,43.0,34.0,89.0,50.0,38.0,77.0,44.91,2023.0,9.0,11764709376,0.825,9,True
CHTR,Charter Communications,Communication Services,Cable & Satellite,PUB,"Media, Movies & Entertainment",High,United States of America,29.0,26.0,19.0,76.0,26.0,22.0,68.0,34.0,30.0,65.0,7.31,2023.0,9.0,49012998144,1.051,10,True
CI,Cigna,Health Care,Health Care Services,HEA,Health Care Providers & Services,Very High,United States of America,65.0,67.0,29.0,78.0,61.0,31.0,91.0,69.0,35.0,80.0,92.69,2021.0,3.0,102552567808,0.509,5,True
CINF,Cincinnati Financial,Financials,Property & Casualty Insurance,INS,Insurance,Medium,United States of America,24.0,15.0,36.0,93.0,19.0,38.0,98.0,30.0,44.0,93.0,1.96,2023.0,9.0,21433022464,0.671,8,True
CL,Colgate-Palmolive,Consumer Staples,Household Products,COS,Personal Products,High,Republic of India,37.0,36.0,39.0,95.0,47.0,38.0,89.0,29.0,38.0,78.0,23.63,2023.0,9.0,86145523712,0.399,1,True
CLX,Clorox,Consumer Staples,Household Products,HOU,Household Products,High,United States of America,45.0,60.0,47.0,79.0,32.0,39.0,61.0,44.0,39.0,69.0,55.09,2023.0,9.0,20554795008,0.393,6,True
CMCSA,Comcast,Communication Services,Cable & Satellite,PUB,"Media, Movies & Entertainment",High,United States of America,33.0,39.0,19.0,76.0,27.0,22.0,68.0,37.0,30.0,65.0,13.32,2023.0,9.0,152111792128,1.01,10,True
CME,CME Group,Financials,Financial Exchanges & Data,FBN,Diversified Financial Services and Capital Markets,High,United States of America,40.0,22.0,28.0,92.0,41.0,29.0,88.0,44.0,36.0,91.0,37.47,2023.0,9.0,78691844096,0.561,10,True
CMG,Chipotle Mexican Grill,Consumer Discretionary,Restaurants,REX,Restaurants & Leisure Facilities,Very High,United States of America,30.0,44.0,24.0,75.0,25.0,22.0,64.0,24.0,29.0,60.0,9.14,2023.0,9.0,80114573312,1.256,3,True
CMI,Cummins,Industrials,Construction Machinery & Heavy Transportation Equipment,IEQ,Machinery and Electrical Equipment,Very High,United States of America,58.0,59.0,27.0,78.0,56.0,28.0,88.0,59.0,29.0,81.0,83.16,2023.0,9.0,41332305920,0.975,6,True
CMS,CMS Energy,Utilities,Multi-Utilities,MUW,Multi and Water Utilities,Very High,United States of America,41.0,43.0,41.0,80.0,32.0,42.0,87.0,47.0,46.0,81.0,41.25,2023.0,9.0,21054464000,0.403,1,True
CNC,Centene Corporation,Health Care,Managed Health Care,HEA,Health Care Providers & Services,Very High,United States of America,61.0,48.0,29.0,78.0,63.0,31.0,91.0,63.0,35.0,80.0,87.99,2023.0,9.0,40278089728,0.484,1,True
CNP,CenterPoint Energy,Utilities,Multi-Utilities,MUW,Multi and Water Utilities,High,United States of America,38.0,37.0,39.0,84.0,33.0,39.0,86.0,43.0,40.0,84.0,29.24,2023.0,9.0,18456739840,0.913,4,True
COF,Capital One,Financials,Consumer Finance,FBN,Diversified Financial Services and Capital Markets,Medium,United States of America,37.0,33.0,28.0,92.0,25.0,29.0,88.0,46.0,36.0,91.0,23.63,2023.0,9.0,55399669760,1.447,3,True
COP,ConocoPhillips,Energy,Oil & Gas Exploration & Production,OGX,Oil & Gas Upstream & Integrated,Very High,United States of America,56.0,54.0,36.0,85.0,61.0,38.0,94.0,55.0,43.0,74.0,79.24,2023.0,9.0,125751771136,1.228,5,True
COR,Cencora,Health Care,Health Care Distributors,HEA,Health Care Providers & Services,Very High,United States of America,48.0,46.0,29.0,78.0,48.0,31.0,91.0,48.0,35.0,80.0,62.14,2023.0,9.0,47284768768,0.441,3,True
COST,Costco,Consumer Staples,Consumer Staples Merchandise Retail,FDR,Food & Staples Retailing,Very High,United States of America,42.0,54.0,35.0,89.0,35.0,34.0,98.0,35.0,36.0,91.0,44.91,2023.0,9.0,402490195968,0.788,2,True
CPB,Campbell Soup Company,Consumer Staples,Packaged Foods & Meats,FOA,Food Products,Very High,United States of America,52.0,52.0,34.0,86.0,49.0,34.0,89.0,55.0,33.0,84.0,71.67,2023.0,9.0,15393454080,0.175,4,True
CPRT,Copart,Industrials,Diversified Support Services,ICS,Commercial Services & Supplies,Very Low,United States of America,24.0,23.0,34.0,84.0,20.0,33.0,77.0,28.0,34.0,76.0,1.96,2023.0,9.0,48807755776,1.271,9,True
CPT,Camden Property Trust,Real Estate,Multi-Family Residential REITs,REI,Equity Real Estate Investment Trusts (REITs),Medium,United States of America,31.0,34.0,41.0,91.0,28.0,29.0,75.0,31.0,41.0,77.0,10.7,2023.0,9.0,13321857024,0.916,7,True
CRM,Salesforce,Information Technology,Application Software,SOF,Software,Very High,United States of America,61.0,71.0,22.0,92.0,49.0,24.0,82.0,68.0,35.0,77.0,87.99,2023.0,9.0,243961643008,1.297,9,True
CSCO,Cisco,Information Technology,Communications Equipment,CMT,Communications Equipment,Very High,United States of America,67.0,73.0,26.0,76.0,66.0,28.0,84.0,62.0,32.0,65.0,94.78,2023.0,9.0,201970843648,0.819,1,True
CSGP,CoStar Group,Real Estate,Real Estate Services,PRO,Professional Services,Low,United States of America,36.0,19.0,29.0,99.0,33.0,29.0,86.0,45.0,33.0,81.0,19.32,2023.0,9.0,31924740096,0.816,4,True
CSX,CSX Corporation,Industrials,Rail Transportation,TRA,Transportation and Transportation Infrastructure,High,United States of America,50.0,55.0,37.0,89.0,39.0,34.0,89.0,62.0,38.0,77.0,67.62,2023.0,9.0,66052870144,1.189,4,True
CTAS,Cintas,Industrials,Diversified Support Services,ICS,Commercial Services & Supplies,High,United States of America,39.0,32.0,34.0,84.0,41.0,33.0,77.0,43.0,34.0,76.0,33.42,2023.0,9.0,82610397184,1.312,8,True
CTRA,Coterra,Energy,Oil & Gas Exploration & Production,OGX,Oil & Gas Upstream & Integrated,Medium,United States of America,36.0,34.0,36.0,85.0,33.0,38.0,94.0,43.0,43.0,74.0,19.32,2023.0,9.0,17010694144,0.199,6,True
CTSH,Cognizant,Information Technology,IT Consulting & Other Services,TSV,IT services,High,United States of America,48.0,63.0,33.0,94.0,31.0,33.0,90.0,54.0,39.0,88.0,62.14,2023.0,9.0,38596894720,1.05,2,True
CVS,CVS Health,Health Care,Health Care Services,HEA,Health Care Providers & Services,Very High,United States of America,55.0,69.0,29.0,78.0,59.0,31.0,91.0,45.0,35.0,80.0,77.55,2023.0,9.0,73428492288,0.528,5,True
CVX,Chevron Corporation,Energy,Integrated Oil & Gas,OGX,Oil & Gas Upstream & Integrated,Very High,United States of America,41.0,41.0,34.0,80.0,51.0,31.0,84.0,34.0,38.0,74.0,41.25,2023.0,9.0,260253302784,1.08,1,True
D,Dominion Energy,Utilities,Multi-Utilities,MUW,Multi and Water Utilities,High,United States of America,38.0,36.0,41.0,80.0,39.0,42.0,87.0,40.0,46.0,81.0,29.24,2023.0,9.0,49103040512,0.602,2,True
DAL,Delta Air Lines,Industrials,Passenger Airlines,AIR,Airlines,Medium,United States of America,35.0,40.0,32.0,86.0,36.0,40.0,93.0,28.0,37.0,80.0,17.36,2023.0,9.0,30128158720,1.349,4,True
DE,Deere & Company,Industrials,Agricultural & Farm Machinery,IEQ,Machinery and Electrical Equipment,Very High,United States of America,49.0,42.0,31.0,78.0,45.0,34.0,84.0,60.0,35.0,82.0,65.14,2023.0,9.0,108859965440,0.929,7,True
DFS,Discover Financial,Financials,Consumer Finance,FBN,Diversified Financial Services and Capital Markets,Medium,United States of America,36.0,24.0,28.0,92.0,33.0,29.0,88.0,41.0,36.0,91.0,19.32,2023.0,9.0,34542485504,1.41,7,True
DG,Dollar General,Consumer Staples,Consumer Staples Merchandise Retail,FDR,Food & Staples Retailing,Medium,United States of America,31.0,25.0,35.0,89.0,31.0,34.0,98.0,38.0,36.0,91.0,10.7,2023.0,9.0,18914889728,0.444,9,True
DGX,Quest Diagnostics,Health Care,Health Care Services,HEA,Health Care Providers & Services,Very High,United States of America,50.0,43.0,29.0,78.0,48.0,31.0,91.0,53.0,35.0,80.0,67.62,2023.0,9.0,17405513728,0.889,3,True
DHR,Danaher Corporation,Health Care,Life Sciences Tools & Services,LIF,Life Sciences Tools & Services,Very High,United States of America,53.0,45.0,37.0,90.0,54.0,36.0,86.0,55.0,41.0,72.0,73.89,2023.0,9.0,199352418304,0.861,8,True
DLR,Digital Realty,Real Estate,Data Center REITs,REI,Equity Real Estate Investment Trusts (REITs),Very High,United States of America,65.0,83.0,41.0,91.0,49.0,29.0,75.0,59.0,41.0,77.0,92.69,2023.0,9.0,53710041088,0.619,9,True
DLTR,Dollar Tree,Consumer Staples,Consumer Staples Merchandise Retail,FDR,Food & Staples Retailing,Medium,United States of America,29.0,35.0,35.0,89.0,23.0,34.0,98.0,29.0,36.0,91.0,7.31,2023.0,9.0,15801912320,0.872,3,True
DOV,Dover Corporation,Industrials,Industrial Machinery & Supplies & Components,IEQ,Machinery and Electrical Equipment,High,United States of America,39.0,42.0,31.0,78.0,32.0,34.0,84.0,41.0,35.0,82.0,33.42,2023.0,9.0,25890215936,1.218,4,True
DPZ,Domino's,Consumer Discretionary,Restaurants,REX,Restaurants & Leisure Facilities,High,Commonwealth of Australia,31.0,22.0,18.0,77.0,29.0,20.0,76.0,39.0,24.0,69.0,10.7,2023.0,9.0,14424346624,0.858,9,True
DRI,Darden Restaurants,Consumer Discretionary,Restaurants,REX,Restaurants & Leisure Facilities,High,United States of America,32.0,36.0,24.0,75.0,22.0,22.0,64.0,43.0,29.0,60.0,11.62,2023.0,9.0,19135490048,1.303,2,True
DTE,DTE Energy,Utilities,Multi-Utilities,MUW,Multi and Water Utilities,High,United States of America,35.0,36.0,41.0,80.0,24.0,42.0,87.0,44.0,46.0,81.0,17.36,2023.0,9.0,26159034368,0.676,6,True
DUK,Duke Energy,Utilities,Electric Utilities,ELC,Electric Utilities,Very High,United States of America,59.0,61.0,44.0,96.0,53.0,39.0,96.0,62.0,38.0,84.0,84.73,2023.0,9.0,90888200192,0.457,2,True
DVA,DaVita,Health Care,Health Care Services,HEA,Health Care Providers & Services,Very High,United States of America,64.0,75.0,29.0,78.0,65.0,31.0,91.0,58.0,35.0,80.0,91.51,2023.0,9.0,13859445760,0.863,2,True
DVN,Devon Energy,Energy,Oil & Gas Exploration & Production,OGX,Oil & Gas Upstream & Integrated,High,United States of America,50.0,46.0,36.0,85.0,42.0,38.0,94.0,61.0,43.0,74.0,67.62,2023.0,9.0,25336051712,2.069,2,True
DXCM,Dexcom,Health Care,Health Care Equipment,MTC,Health Care Equipment & Supplies,Very High,United States of America,43.0,31.0,26.0,74.0,44.0,30.0,77.0,47.0,37.0,71.0,49.09,2023.0,9.0,28086915072,1.183,4,True
EA,Electronic Arts,Communication Services,Interactive Home Entertainment,IMS,"Interactive Media, Services & Home Entertainment",High,United States of America,33.0,30.0,21.0,78.0,25.0,25.0,79.0,44.0,33.0,61.0,13.32,2023.0,9.0,38710616064,0.791,2,True
EBAY,eBay,Consumer Discretionary,Broadline Retail,RTS,Retailing,Very High,United States of America,56.0,80.0,27.0,92.0,42.0,28.0,94.0,50.0,34.0,86.0,79.24,2023.0,9.0,31726319616,1.312,5,True
ECL,Ecolab,Materials,Specialty Chemicals,CHM,Chemicals,Very High,United States of America,70.0,74.0,36.0,93.0,67.0,34.0,89.0,66.0,36.0,78.0,97.39,2023.0,9.0,72044814336,1.136,4,True
ED,Consolidated Edison,Utilities,Multi-Utilities,MUW,Multi and Water Utilities,High,United States of America,42.0,44.0,39.0,84.0,34.0,39.0,86.0,46.0,40.0,84.0,44.91,2023.0,9.0,36293570560,0.348,5,True
EFX,Equifax,Industrials,Research & Consulting Services,PRO,Professional Services,Low,United States of America,40.0,35.0,37.0,99.0,36.0,34.0,90.0,46.0,41.0,81.0,37.47,2023.0,9.0,37629485056,1.583,6,True
EG,Everest Group,Financials,Reinsurance,INS,Insurance,Medium,Bermuda,29.0,13.0,26.0,86.0,23.0,30.0,96.0,38.0,36.0,89.0,7.31,2023.0,9.0,16770212864,0.615,4,True
EIX,Edison International,Utilities,Electric Utilities,ELC,Electric Utilities,Very High,United States of America,37.0,33.0,45.0,95.0,33.0,40.0,96.0,47.0,45.0,86.0,23.63,2023.0,9.0,33307713536,0.921,1,True
ELV,Elevance Health,Health Care,Managed Health Care,HEA,Health Care Providers & Services,Very High,United States of America,66.0,63.0,29.0,78.0,64.0,31.0,91.0,70.0,35.0,80.0,93.86,2023.0,9.0,128348798976,0.832,1,True
EMN,Eastman Chemical Company,Materials,Specialty Chemicals,CHM,Chemicals,Medium,United States of America,48.0,50.0,36.0,93.0,37.0,34.0,89.0,56.0,36.0,78.0,62.14,2023.0,9.0,12378979328,1.45,7,True
EMR,Emerson Electric,Industrials,Electrical Components & Equipment,ELQ,Electrical Components & Equipment,Very High,United States of America,45.0,51.0,32.0,90.0,39.0,35.0,86.0,43.0,36.0,84.0,55.09,2023.0,9.0,59430801408,1.293,8,True
EOG,EOG Resources,Energy,Oil & Gas Exploration & Production,OGX,Oil & Gas Upstream & Integrated,High,United States of America,41.0,38.0,36.0,85.0,37.0,38.0,94.0,48.0,43.0,74.0,41.25,2023.0,9.0,70045835264,1.288,2,True
EQIX,Equinix,Real Estate,Data Center REITs,REI,Equity Real Estate Investment Trusts (REITs),Very High,United States of America,60.0,70.0,41.0,91.0,46.0,29.0,75.0,62.0,41.0,77.0,86.03,2023.0,9.0,83225911296,0.7,5,True
EQR,Equity Residential,Real Estate,Multi-Family Residential REITs,REI,Equity Real Estate Investment Trusts (REITs),Very High,United States of America,68.0,78.0,41.0,91.0,58.0,29.0,75.0,68.0,41.0,77.0,95.56,2023.0,9.0,30392528896,0.91,8,True
EQT,EQT Corporation,Energy,Oil & Gas Exploration & Production,OGX,Oil & Gas Upstream & Integrated,High,United States of America,44.0,49.0,34.0,80.0,30.0,31.0,84.0,50.0,38.0,74.0,52.22,2023.0,9.0,19929661440,1.062,4,True
ES,Eversource,Utilities,Electric Utilities,ELC,Electric Utilities,Very High,United States of America,43.0,48.0,45.0,95.0,31.0,40.0,96.0,49.0,45.0,86.0,49.09,2023.0,9.0,24445104128,0.618,8,True
ESS,Essex Property Trust,Real Estate,Multi-Family Residential REITs,REI,Equity Real Estate Investment Trusts (REITs),Medium,United States of America,38.0,40.0,41.0,91.0,33.0,29.0,75.0,42.0,41.0,77.0,29.24,2023.0,9.0,20950151168,0.895,8,True
ETN,Eaton Corporation,Industrials,Electrical Components & Equipment,ELQ,Electrical Components & Equipment,Very High,Ireland,48.0,51.0,32.0,90.0,44.0,35.0,86.0,49.0,36.0,84.0,62.14,2023.0,9.0,124099715072,1.007,3,True
ETR,Entergy,Utilities,Electric Utilities,ELC,Electric Utilities,Very High,United States of America,49.0,49.0,45.0,95.0,41.0,40.0,96.0,58.0,45.0,86.0,65.14,2023.0,9.0,27601307648,0.723,3,True
EW,Edwards Lifesciences,Health Care,Health Care Equipment,MTC,Health Care Equipment & Supplies,Very High,United States of America,65.0,48.0,19.0,78.0,65.0,26.0,83.0,70.0,32.0,70.0,92.69,2023.0,9.0,40499355648,1.132,3,True
EXC,Exelon,Utilities,Electric Utilities,ELC,Electric Utilities,Very High,United States of America,58.0,69.0,45.0,95.0,45.0,40.0,96.0,54.0,45.0,86.0,83.16,2023.0,9.0,40450048000,0.601,1,True
EXPD,Expeditors International,Industrials,Air Freight & Logistics,TRA,Transportation and Transportation Infrastructure,Low,United States of America,30.0,27.0,37.0,89.0,26.0,34.0,89.0,39.0,38.0,77.0,9.14,2023.0,9.0,17457532928,0.958,8,True
EXPE,Expedia Group,Consumer Discretionary,"Hotels, Resorts & Cruise Lines",TRT,"Hotels, Resorts & Cruise Lines",High,United States of America,37.0,39.0,23.0,78.0,33.0,29.0,86.0,41.0,32.0,70.0,23.63,2023.0,9.0,17677033472,1.793,10,True
EXR,Extra Space Storage,Real Estate,Self-Storage REITs,REI,Equity Real Estate Investment Trusts (REITs),High,United States of America,49.0,55.0,41.0,91.0,48.0,29.0,75.0,43.0,41.0,77.0,65.14,2023.0,9.0,39176241152,0.871,8,True
F,Ford Motor Company,Consumer Discretionary,Automobile Manufacturers,AUT,Automobiles,High,United States of America,38.0,49.0,44.0,82.0,30.0,45.0,85.0,34.0,44.0,79.0,29.24,2023.0,9.0,43330224128,1.635,10,True
FAST,Fastenal,Industrials,Trading Companies & Distributors,TCD,Trading Companies & Distributors,High,United States of America,32.0,35.0,34.0,79.0,28.0,32.0,76.0,34.0,34.0,70.0,11.62,2023.0,9.0,40423079936,0.996,3,True
FCX,Freeport-McMoRan,Materials,Copper,MNX,Metals & Mining,Very High,United States of America,69.0,67.0,37.0,74.0,69.0,39.0,83.0,69.0,40.0,83.0,96.61,2023.0,9.0,61971775488,1.891,3,True
FDS,FactSet,Financials,Financial Exchanges & Data,FBN,Diversified Financial Services and Capital Markets,Very High,United States of America,43.0,53.0,28.0,92.0,43.0,29.0,88.0,40.0,36.0,91.0,49.09,2023.0,9.0,17269403648,0.748,6,True
FDX,FedEx,Industrials,Air Freight & Logistics,TRA,Transportation and Transportation Infrastructure,Medium,United States of America,32.0,42.0,37.0,89.0,28.0,34.0,89.0,27.0,38.0,77.0,11.62,2023.0,9.0,72837300224,1.185,7,True
FE,FirstEnergy,Utilities,Electric Utilities,ELC,Electric Utilities,Very High,United States of America,36.0,39.0,45.0,95.0,32.0,40.0,96.0,37.0,45.0,86.0,19.32,2023.0,9.0,25536411648,0.489,7,True
FFIV,"F5, Inc.",Information Technology,Communications Equipment,CMT,Communications Equipment,Low,United States of America,30.0,27.0,26.0,76.0,24.0,28.0,84.0,38.0,32.0,65.0,9.14,2023.0,9.0,12510163968,1.057,3,True
FI,Fiserv,Financials,Transaction & Payment Processing Services,FBN,Diversified Financial Services and Capital Markets,Very High,United States of America,41.0,35.0,21.0,98.0,33.0,23.0,88.0,48.0,29.0,82.0,41.25,2023.0,9.0,100953350144,0.933,1,True
FIS,Fidelity National Information Services,Financials,Transaction & Payment Processing Services,FBN,Diversified Financial Services and Capital Markets,Very High,United States of America,49.0,50.0,28.0,92.0,42.0,29.0,88.0,53.0,36.0,91.0,65.14,2023.0,9.0,46394933248,1.086,6,True
FMC,FMC Corporation,Materials,Fertilizers & Agricultural Chemicals,CHM,Chemicals,High,United States of America,58.0,63.0,36.0,93.0,56.0,34.0,89.0,55.0,36.0,78.0,83.16,2023.0,9.0,7908886016,0.855,7,True
FRT,Federal Realty,Real Estate,Retail REITs,REI,Equity Real Estate Investment Trusts (REITs),Very High,United States of America,59.0,72.0,41.0,91.0,46.0,29.0,75.0,55.0,41.0,77.0,84.73,2021.0,9.0,9881507840,1.256,4,True
FTNT,Fortinet,Information Technology,Systems Software,SOF,Software,Very High,United States of America,52.0,58.0,22.0,92.0,38.0,24.0,82.0,62.0,35.0,77.0,71.67,2023.0,9.0,58393071616,0.998,6,True
FTV,Fortive,Industrials,Industrial Machinery & Supplies & Components,IEQ,Machinery and Electrical Equipment,Medium,United States of America,38.0,35.0,31.0,78.0,34.0,34.0,84.0,46.0,35.0,82.0,29.24,2023.0,9.0,26181060608,1.161,6,True
GD,General Dynamics,Industrials,Aerospace & Defense,ARO,Aerospace & Defense,Low,United States of America,34.0,33.0,29.0,77.0,37.0,32.0,82.0,34.0,32.0,84.0,15.54,2023.0,9.0,84507975680,0.607,2,True
GEN,Gen Digital,Information Technology,Systems Software,SOF,Software,Very High,United States of America,53.0,57.0,22.0,92.0,44.0,24.0,82.0,59.0,35.0,77.0,73.89,2023.0,9.0,16286790656,1.06,1,True
GILD,Gilead Sciences,Health Care,Biotechnology,BTC,Biotechnology,Very High,United States of America,63.0,64.0,15.0,76.0,68.0,23.0,76.0,58.0,32.0,68.0,90.6,2023.0,9.0,103396417536,0.196,2,True
GIS,General Mills,Consumer Staples,Packaged Foods & Meats,FOA,Food Products,Very High,United States of America,61.0,68.0,34.0,86.0,60.0,34.0,89.0,55.0,33.0,84.0,87.99,2023.0,9.0,41540526080,0.091,6,True
GL,Globe Life,Financials,Life & Health Insurance,INS,Insurance,High,United States of America,26.0,26.0,36.0,93.0,31.0,38.0,98.0,22.0,44.0,93.0,3.39,2023.0,9.0,9538871296,0.808,4,True
GM,General Motors,Consumer Discretionary,Automobile Manufacturers,AUT,Automobiles,High,United States of America,50.0,53.0,44.0,82.0,51.0,45.0,85.0,46.0,44.0,79.0,67.62,2023.0,9.0,53408677888,1.439,9,True
GPC,Genuine Parts Company,Consumer Discretionary,Distributors,RTS,Retailing,Medium,United States of America,26.0,15.0,27.0,92.0,27.0,28.0,94.0,33.0,34.0,86.0,3.39,2023.0,9.0,19135287296,0.913,6,True
GPN,Global Payments,Financials,Transaction & Payment Processing Services,FBN,Diversified Financial Services and Capital Markets,High,United States of America,35.0,30.0,28.0,92.0,29.0,29.0,88.0,40.0,36.0,91.0,17.36,2023.0,9.0,28514754560,0.991,7,True
GRMN,Garmin,Consumer Discretionary,Consumer Electronics,LEG,Leisure Equipment & Products and Consumer Electronics,Medium,Swiss Confederation,27.0,22.0,32.0,72.0,30.0,28.0,53.0,29.0,29.0,55.0,4.96,2023.0,9.0,33179969536,1.009,9,True
GS,Goldman Sachs,Financials,Investment Banking & Brokerage,FBN,Diversified Financial Services and Capital Markets,High,United States of America,37.0,46.0,21.0,98.0,31.0,23.0,88.0,39.0,29.0,82.0,23.63,2023.0,9.0,153286164480,1.353,6,True
HAL,Halliburton,Energy,Oil & Gas Equipment & Services,OIE,Energy Equipment & Services,Very High,United States of America,60.0,51.0,33.0,79.0,65.0,32.0,82.0,66.0,38.0,76.0,86.03,2023.0,9.0,25866889216,1.906,4,True
HAS,Hasbro,Consumer Discretionary,Leisure Products,LEG,Leisure Equipment & Products and Consumer Electronics,High,United States of America,42.0,40.0,28.0,87.0,43.0,25.0,67.0,41.0,25.0,63.0,44.91,2023.0,9.0,9817040896,0.596,3,True
HBAN,Huntington Bancshares,Financials,Regional Banks,BNK,Banks,Very High,United States of America,48.0,51.0,26.0,81.0,45.0,30.0,93.0,49.0,35.0,89.0,62.14,2023.0,9.0,21263603712,1.068,9,True
HCA,HCA Healthcare,Health Care,Health Care Facilities,HEA,Health Care Providers & Services,Low,United States of America,27.0,22.0,25.0,81.0,25.0,25.0,86.0,30.0,28.0,67.0,4.96,2023.0,9.0,104114790400,1.678,5,True
HES,Hess Corporation,Energy,Integrated Oil & Gas,OGX,Oil & Gas Upstream & Integrated,Very High,United States of America,66.0,68.0,34.0,80.0,59.0,31.0,84.0,69.0,38.0,74.0,93.86,2023.0,9.0,40304525312,1.164,9,True
HLT,Hilton Worldwide,Consumer Discretionary,"Hotels, Resorts & Cruise Lines",TRT,"Hotels, Resorts & Cruise Lines",Very High,United States of America,58.0,66.0,34.0,91.0,58.0,31.0,93.0,51.0,38.0,80.0,83.16,2023.0,9.0,54307586048,1.31,6,True
HOLX,Hologic,Health Care,Health Care Equipment,MTC,Health Care Equipment & Supplies,Very High,United States of America,48.0,37.0,19.0,78.0,52.0,26.0,83.0,48.0,32.0,70.0,62.14,2023.0,9.0,19208910848,0.984,7,True
HON,Honeywell,Industrials,Industrial Conglomerates,ITC,"Electronic Equipment, Instruments & Components",Low,Republic of India,23.0,19.0,30.0,97.0,22.0,27.0,94.0,27.0,28.0,86.0,1.44,2023.0,9.0,132688805888,1.027,6,True
HPE,Hewlett Packard Enterprise,Information Technology,"Technology Hardware, Storage & Peripherals",THQ,Computers & Peripherals and Office Electronics,Very High,United States of America,77.0,89.0,42.0,94.0,65.0,38.0,88.0,77.0,38.0,81.0,99.48,2023.0,9.0,23635793920,1.203,2,True
HPQ,HP Inc.,Information Technology,"Technology Hardware, Storage & Peripherals",THQ,Computers & Peripherals and Office Electronics,Very High,United States of America,77.0,78.0,45.0,95.0,80.0,44.0,90.0,72.0,44.0,88.0,99.48,2023.0,9.0,33170137088,1.083,1,True
HRL,Hormel Foods,Consumer Staples,Packaged Foods & Meats,FOA,Food Products,Very High,United States of America,42.0,47.0,34.0,86.0,38.0,34.0,89.0,39.0,33.0,84.0,44.91,2023.0,9.0,17838264320,0.248,8,True
HSIC,Henry Schein,Health Care,Health Care Distributors,HEA,Health Care Providers & Services,Very High,United States of America,39.0,40.0,29.0,78.0,38.0,31.0,91.0,41.0,35.0,80.0,33.42,2023.0,9.0,9026677760,0.861,5,True
HST,Host Hotels & Resorts,Real Estate,Hotel & Resort REITs,REI,Equity Real Estate Investment Trusts (REITs),Very High,United States of America,72.0,76.0,41.0,91.0,70.0,29.0,75.0,69.0,41.0,77.0,98.17,2023.0,9.0,24961603584,1.341,9,True
HUBB,Hubbell Incorporated,Industrials,Industrial Machinery & Supplies & Components,ELQ,Electrical Components & Equipment,Very High,United States of America,54.0,41.0,32.0,90.0,57.0,35.0,86.0,66.0,36.0,84.0,75.59,2023.0,9.0,22078416896,0.898,3,True
ICE,Intercontinental Exchange,Financials,Financial Exchanges & Data,FBN,Diversified Financial Services and Capital Markets,High,United States of America,42.0,56.0,28.0,92.0,32.0,29.0,88.0,44.0,36.0,91.0,44.91,2023.0,9.0,93476061184,1.091,4,True
IDXX,Idexx Laboratories,Health Care,Health Care Equipment,MTC,Health Care Equipment & Supplies,High,United States of America,38.0,35.0,26.0,74.0,35.0,30.0,77.0,44.0,37.0,71.0,29.24,2023.0,9.0,42162847744,1.332,6,True
IEX,IDEX Corporation,Industrials,Industrial Machinery & Supplies & Components,IEQ,Machinery and Electrical Equipment,Medium,United States of America,33.0,25.0,31.0,78.0,30.0,34.0,84.0,43.0,35.0,82.0,13.32,2023.0,9.0,15495729152,0.949,6,True
IFF,International Flavors & Fragrances,Materials,Specialty Chemicals,CHM,Chemicals,Very High,United States of America,68.0,71.0,36.0,93.0,71.0,34.0,89.0,60.0,36.0,78.0,95.56,2023.0,9.0,26644783104,1.233,4,True
INCY,Incyte,Health Care,Biotechnology,BTC,Biotechnology,Very High,United States of America,40.0,29.0,12.0,71.0,44.0,23.0,77.0,40.0,29.0,68.0,37.47,2023.0,9.0,12794285056,0.735,7,True
INTU,Intuit,Information Technology,Application Software,SOF,Software,Very High,United States of America,46.0,52.0,22.0,92.0,32.0,24.0,82.0,57.0,35.0,77.0,57.83,2023.0,9.0,181138964480,1.243,2,True
IP,International Paper,Materials,Paper & Plastic Packaging Products & Materials,CTR,Containers & Packaging,Medium,United States of America,39.0,45.0,46.0,94.0,30.0,39.0,91.0,42.0,41.0,85.0,33.42,2023.0,9.0,17309921280,1.01,5,True
IQV,IQVIA,Health Care,Life Sciences Tools & Services,LIF,Life Sciences Tools & Services,High,United States of America,42.0,37.0,37.0,90.0,41.0,36.0,86.0,45.0,41.0,72.0,44.91,2023.0,9.0,43748352000,1.498,8,True
IRM,Iron Mountain,Real Estate,Other Specialized REITs,REI,Equity Real Estate Investment Trusts (REITs),High,United States of America,54.0,58.0,41.0,91.0,46.0,29.0,75.0,57.0,41.0,77.0,75.59,2023.0,9.0,34669355008,1.026,5,True
ISRG,Intuitive Surgical,Health Care,Health Care Equipment,MTC,Health Care Equipment & Supplies,High,United States of America,33.0,27.0,26.0,74.0,27.0,30.0,77.0,42.0,37.0,71.0,13.32,2023.0,9.0,174617722880,1.395,3,True
IT,Gartner,Information Technology,IT Consulting & Other Services,TSV,IT services,Medium,United States of America,40.0,34.0,34.0,97.0,34.0,29.0,87.0,49.0,34.0,87.0,37.47,2023.0,9.0,39306534912,1.323,1,True
ITW,Illinois Tool Works,Industrials,Industrial Machinery & Supplies & Components,IEQ,Machinery and Electrical Equipment,Medium,United States of America,37.0,40.0,31.0,78.0,30.0,34.0,84.0,40.0,35.0,82.0,23.63,2023.0,9.0,75748122624,1.112,3,True
IVZ,Invesco,Financials,Asset Management & Custody Banks,FBN,Diversified Financial Services and Capital Markets,Very High,United States of America,37.0,51.0,28.0,92.0,36.0,29.0,88.0,34.0,36.0,91.0,23.63,2023.0,9.0,7470531584,1.423,3,True
J,Jacobs Solutions,Industrials,Construction & Engineering,PRO,Professional Services,Very High,United States of America,76.0,99.0,37.0,99.0,76.0,34.0,90.0,68.0,41.0,81.0,98.96,2022.0,8.0,18008506368,0.721,7,True
JBHT,J.B. Hunt,Industrials,Cargo Ground Transportation,TRA,Transportation and Transportation Infrastructure,Very High,United States of America,54.0,56.0,37.0,89.0,48.0,34.0,89.0,61.0,38.0,77.0,75.59,2023.0,9.0,17132796928,1.153,8,True
JCI,Johnson Controls,Industrials,Building Products,BLD,Building Products,Very High,Ireland,54.0,50.0,36.0,87.0,63.0,36.0,80.0,49.0,38.0,83.0,75.59,2023.0,9.0,48678182912,1.3,6,True
JKHY,Jack Henry & Associates,Financials,Transaction & Payment Processing Services,FBN,Diversified Financial Services and Capital Markets,Medium,United States of America,37.0,33.0,28.0,92.0,29.0,29.0,88.0,43.0,36.0,91.0,23.63,2023.0,9.0,12909138944,0.638,7,True
JNPR,Juniper Networks,Information Technology,Communications Equipment,CMT,Communications Equipment,High,United States of America,45.0,46.0,26.0,76.0,40.0,28.0,84.0,50.0,32.0,65.0,55.09,2023.0,9.0,12847232000,0.921,5,True
JPM,JPMorgan Chase,Financials,Diversified Banks,BNK,Banks,High,United States of America,35.0,39.0,29.0,87.0,36.0,35.0,96.0,33.0,42.0,92.0,17.36,2023.0,9.0,595349733376,1.105,5,True
K,Kellanova,Consumer Staples,Packaged Foods & Meats,FOA,Food Products,Very High,United States of America,56.0,58.0,34.0,86.0,63.0,34.0,89.0,44.0,33.0,84.0,79.24,2023.0,9.0,27749677056,0.394,8,True
KEY,KeyCorp,Financials,Regional Banks,BNK,Banks,High,United States of America,42.0,47.0,29.0,87.0,33.0,35.0,96.0,46.0,42.0,92.0,44.91,2023.0,9.0,15378881536,1.238,4,True
KEYS,Keysight,Information Technology,Electronic Equipment & Instruments,ITC,"Electronic Equipment, Instruments & Components",Very High,United States of America,49.0,43.0,32.0,94.0,49.0,33.0,88.0,57.0,34.0,84.0,65.14,2023.0,9.0,26116489216,0.974,4,True
KHC,Kraft Heinz,Consumer Staples,Packaged Foods & Meats,FOA,Food Products,Very High,United States of America,59.0,63.0,28.0,88.0,56.0,30.0,87.0,58.0,28.0,83.0,84.73,2023.0,9.0,42366164992,0.478,4,True
KIM,Kimco Realty,Real Estate,Retail REITs,REI,Equity Real Estate Investment Trusts (REITs),Very High,United States of America,66.0,72.0,41.0,91.0,62.0,29.0,75.0,62.0,41.0,77.0,93.86,2023.0,9.0,16219149312,1.492,5,True
KLAC,KLA Corporation,Information Technology,Semiconductor Materials & Equipment,SEM,Semiconductors & Semiconductor Equipment,Very High,United States of America,57.0,58.0,32.0,96.0,50.0,35.0,92.0,59.0,35.0,94.0,81.07,2023.0,9.0,99420717056,1.276,4,True
KMB,Kimberly-Clark,Consumer Staples,Household Products,HOU,Household Products,High,United States of America,40.0,49.0,47.0,79.0,35.0,39.0,61.0,38.0,39.0,69.0,37.47,2023.0,9.0,48567140352,0.403,4,True
KMI,Kinder Morgan,Energy,Oil & Gas Storage & Transportation,PIP,Oil & Gas Storage & Transportation,Very High,United States of America,55.0,60.0,37.0,72.0,60.0,35.0,69.0,46.0,39.0,70.0,77.55,2023.0,9.0,47851556864,0.921,9,True
KMX,CarMax,Consumer Discretionary,Automotive Retail,RTS,Retailing,High,United States of America,26.0,22.0,27.0,92.0,23.0,28.0,94.0,31.0,34.0,86.0,3.39,2023.0,9.0,12391112704,1.688,9,True
KR,Kroger,Consumer Staples,Food Retail,FDR,Food & Staples Retailing,Very High,United States of America,45.0,58.0,35.0,89.0,33.0,34.0,98.0,43.0,36.0,91.0,55.09,2023.0,9.0,40625352704,0.46,8,True
L,Loews Corporation,Financials,Multi-line Insurance,INS,Insurance,Very Low,United States of America,18.0,6.0,36.0,93.0,16.0,38.0,98.0,23.0,44.0,93.0,0.26,2023.0,9.0,17404710912,0.818,7,True
LDOS,Leidos,Industrials,Diversified Support Services,PRO,Professional Services,Low,United States of America,43.0,50.0,37.0,99.0,36.0,34.0,90.0,49.0,41.0,81.0,49.09,2023.0,9.0,20855037952,0.704,3,True
LEN,Lennar,Consumer Discretionary,Homebuilding,HOM,Homebuilding,Low,United States of America,25.0,22.0,35.0,90.0,20.0,30.0,70.0,32.0,35.0,62.0,2.48,2023.0,9.0,50908487680,1.609,10,True
LH,LabCorp,Health Care,Health Care Services,HEA,Health Care Providers & Services,Very High,United States of America,37.0,31.0,29.0,78.0,33.0,31.0,91.0,43.0,35.0,80.0,23.63,2023.0,9.0,19060506624,1.041,4,True
LKQ,LKQ Corporation,Consumer Discretionary,Distributors,RTS,Retailing,High,United States of America,28.0,21.0,22.0,88.0,26.0,23.0,92.0,36.0,27.0,78.0,6.27,2023.0,9.0,10751375360,1.283,3,True
LMT,Lockheed Martin,Industrials,Aerospace & Defense,ARO,Aerospace & Defense,Very High,United States of America,61.0,55.0,29.0,77.0,65.0,32.0,82.0,63.0,32.0,84.0,87.99,2023.0,9.0,136559820800,0.469,6,True
LNT,Alliant Energy,Utilities,Electric Utilities,ELC,Electric Utilities,Very High,United States of America,35.0,38.0,45.0,95.0,28.0,40.0,96.0,37.0,45.0,86.0,17.36,2023.0,9.0,15520779264,0.57,2,True
LOW,Lowe's,Consumer Discretionary,Home Improvement Retail,RTS,Retailing,Very High,United States of America,47.0,52.0,22.0,88.0,36.0,23.0,92.0,53.0,27.0,78.0,59.66,2023.0,9.0,145635721216,1.09,4,True
LRCX,Lam Research,Information Technology,Semiconductor Materials & Equipment,SEM,Semiconductors & Semiconductor Equipment,Very High,United States of America,57.0,57.0,32.0,96.0,47.0,35.0,92.0,65.0,35.0,94.0,81.07,2023.0,9.0,99490209792,1.483,1,True
LULU,Lululemon Athletica,Consumer Discretionary,"Apparel, Accessories & Luxury Goods",TEX,"Textiles, Apparel & Luxury Goods",Low,Canada,34.0,40.0,34.0,93.0,23.0,34.0,91.0,41.0,38.0,88.0,15.54,2023.0,9.0,32572626944,1.253,8,True
LUV,Southwest Airlines,Industrials,Passenger Airlines,AIR,Airlines,Very High,United States of America,47.0,58.0,44.0,93.0,47.0,46.0,94.0,33.0,45.0,81.0,59.66,2023.0,9.0,17099948032,1.162,6,True
LVS,Las Vegas Sands,Consumer Discretionary,Casinos & Gaming,CNO,Casinos & Gaming,Very High,United States of America,67.0,85.0,37.0,85.0,62.0,35.0,74.0,63.0,40.0,66.0,94.78,2023.0,9.0,30488285184,1.113,10,True
LYB,LyondellBasell,Materials,Specialty Chemicals,CHM,Chemicals,High,United States of America,60.0,63.0,36.0,93.0,48.0,34.0,89.0,71.0,36.0,78.0,86.03,2023.0,9.0,30880202752,1.082,1,True
MA,Mastercard,Financials,Transaction & Payment Processing Services,FBN,Diversified Financial Services and Capital Markets,Very High,United States of America,57.0,84.0,28.0,92.0,48.0,29.0,88.0,55.0,36.0,91.0,81.07,2023.0,9.0,462832107520,1.103,1,True
MAA,Mid-America Apartment Communities,Real Estate,Multi-Family Residential REITs,REI,Equity Real Estate Investment Trusts (REITs),Medium,United States of America,30.0,30.0,41.0,91.0,26.0,29.0,75.0,36.0,41.0,77.0,9.14,2023.0,9.0,19992911872,0.873,5,True
MAR,Marriott International,Consumer Discretionary,"Hotels, Resorts & Cruise Lines",TRT,"Hotels, Resorts & Cruise Lines",Very High,United States of America,46.0,56.0,34.0,91.0,40.0,31.0,93.0,45.0,38.0,80.0,57.83,2023.0,9.0,66329636864,1.591,7,True
MAS,Masco,Industrials,Building Products,BLD,Building Products,Medium,United States of America,33.0,34.0,33.0,89.0,28.0,32.0,84.0,38.0,32.0,82.0,13.32,2023.0,9.0,17732730880,1.247,8,True
MCD,McDonald's,Consumer Discretionary,Restaurants,REX,Restaurants & Leisure Facilities,High,United States of America,30.0,45.0,18.0,77.0,23.0,20.0,76.0,29.0,24.0,69.0,9.14,2023.0,9.0,210719506432,0.724,6,True
MCHP,Microchip Technology,Information Technology,Semiconductors,SEM,Semiconductors & Semiconductor Equipment,High,United States of America,40.0,43.0,32.0,96.0,35.0,35.0,92.0,41.0,35.0,94.0,37.47,2023.0,9.0,41310883840,1.519,6,True
MCK,McKesson Corporation,Health Care,Health Care Distributors,HEA,Health Care Providers & Services,Very High,United States of America,38.0,45.0,25.0,81.0,43.0,25.0,86.0,32.0,28.0,67.0,29.24,2023.0,9.0,67408543744,0.441,3,True
MCO,Moody's Corporation,Financials,Financial Exchanges & Data,FBN,Diversified Financial Services and Capital Markets,Very High,United States of America,69.0,98.0,21.0,98.0,57.0,23.0,88.0,68.0,29.0,82.0,96.61,2023.0,9.0,88281661440,1.29,3,True
MDLZ,Mondelez International,Consumer Staples,Packaged Foods & Meats,FOA,Food Products,Very High,United States of America,60.0,65.0,34.0,86.0,62.0,34.0,89.0,52.0,33.0,84.0,86.03,2023.0,9.0,100893089792,0.548,5,True
MDT,Medtronic,Health Care,Health Care Equipment,MTC,Health Care Equipment & Supplies,Very High,Ireland,68.0,62.0,26.0,74.0,76.0,30.0,77.0,61.0,37.0,71.0,95.56,2023.0,9.0,113676828672,0.854,6,True
MET,MetLife,Financials,Life & Health Insurance,INS,Insurance,Very High,United States of America,52.0,71.0,26.0,86.0,40.0,30.0,96.0,54.0,36.0,89.0,71.67,2023.0,9.0,54821441536,1.029,4,True
META,Meta Platforms,Communication Services,Interactive Media & Services,IMS,"Interactive Media, Services & Home Entertainment",Very High,United States of America,30.0,58.0,18.0,83.0,18.0,20.0,79.0,28.0,27.0,68.0,9.14,2023.0,9.0,1356780404736,1.213,10,True
MGM,MGM Resorts,Consumer Discretionary,Casinos & Gaming,CNO,Casinos & Gaming,Very High,United States of America,56.0,64.0,37.0,85.0,48.0,35.0,74.0,60.0,40.0,66.0,79.24,2023.0,9.0,11303280640,2.236,1,True
MHK,Mohawk Industries,Consumer Discretionary,Home Furnishings,DHP,Household Durables,High,United States of America,41.0,56.0,30.0,93.0,27.0,27.0,88.0,42.0,29.0,81.0,41.25,2023.0,9.0,9834908672,1.375,1,True
MKC,McCormick & Company,Consumer Staples,Packaged Foods & Meats,FOA,Food Products,Very High,United States of America,50.0,60.0,34.0,86.0,40.0,34.0,89.0,48.0,33.0,84.0,67.62,2023.0,9.0,22768777216,0.758,10,True
MLM,Martin Marietta Materials,Materials,Construction Materials,COM,Construction Materials,Medium,United States of America,33.0,34.0,37.0,88.0,24.0,36.0,93.0,41.0,39.0,87.0,13.32,2023.0,9.0,32638973952,0.908,8,True
MNST,Monster Beverage,Consumer Staples,Soft Drinks & Non-alcoholic Beverages,BVG,Beverages,Low,United States of America,30.0,30.0,41.0,99.0,27.0,39.0,91.0,34.0,39.0,91.0,9.14,2023.0,9.0,50022043648,0.737,9,True
MO,Altria,Consumer Staples,Tobacco,TOB,Tobacco,Very Low,United States of America,43.0,48.0,45.0,91.0,38.0,43.0,88.0,43.0,43.0,78.0,49.09,2023.0,9.0,86164111360,0.687,2,True
MPC,Marathon Petroleum,Energy,Oil & Gas Refining & Marketing,OGR,Oil & Gas Refining & Marketing,Very High,United States of America,51.0,57.0,43.0,81.0,47.0,44.0,89.0,46.0,46.0,76.0,69.45,2023.0,9.0,54844665856,1.364,6,True
MRK,Merck & Co.,Health Care,Pharmaceuticals,DRG,Pharmaceuticals,Very High,United States of America,52.0,54.0,31.0,85.0,54.0,35.0,89.0,49.0,39.0,75.0,71.67,2023.0,9.0,299842699264,0.401,4,True
MRO,Marathon Oil,Energy,Oil & Gas Exploration & Production,OGX,Oil & Gas Upstream & Integrated,Low,United States of America,39.0,31.0,34.0,80.0,42.0,31.0,84.0,45.0,38.0,74.0,33.42,2023.0,9.0,15304718336,2.169,5,True
MS,Morgan Stanley,Financials,Investment Banking & Brokerage,FBN,Diversified Financial Services and Capital Markets,Very High,United States of America,37.0,50.0,21.0,98.0,38.0,23.0,88.0,33.0,29.0,82.0,23.63,2023.0,9.0,161931493376,1.357,9,True
MSCI,MSCI,Financials,Financial Exchanges & Data,FBN,Diversified Financial Services and Capital Markets,Very High,United States of America,51.0,88.0,28.0,92.0,35.0,29.0,88.0,49.0,36.0,91.0,69.45,2023.0,9.0,44539666432,1.111,4,True
MSFT,Microsoft,Information Technology,Systems Software,SOF,Software,Very High,United States of America,53.0,74.0,21.0,90.0,42.0,23.0,76.0,52.0,30.0,76.0,73.89,2023.0,9.0,3234487336960,0.896,1,True
MSI,Motorola Solutions,Information Technology,Communications Equipment,CMT,Communications Equipment,High,United States of America,41.0,46.0,29.0,80.0,35.0,27.0,73.0,43.0,29.0,64.0,41.25,2023.0,9.0,73940533248,0.977,2,True
MTB,M&T Bank,Financials,Regional Banks,BNK,Banks,High,United States of America,43.0,20.0,26.0,81.0,38.0,30.0,93.0,54.0,35.0,89.0,49.09,2023.0,9.0,29028114432,0.744,8,True
MU,Micron Technology,Information Technology,Semiconductors,SEM,Semiconductors & Semiconductor Equipment,Very High,United States of America,56.0,46.0,32.0,96.0,61.0,35.0,92.0,63.0,35.0,94.0,79.24,2023.0,9.0,98387369984,1.176,1,True
NCLH,Norwegian Cruise Line Holdings,Consumer Discretionary,"Hotels, Resorts & Cruise Lines",TRT,"Hotels, Resorts & Cruise Lines",Very High,United States of America,52.0,60.0,34.0,91.0,48.0,31.0,93.0,51.0,38.0,80.0,71.67,2023.0,9.0,8688294912,2.712,5,True
NDAQ,"Nasdaq, Inc.",Financials,Financial Exchanges & Data,FBN,Diversified Financial Services and Capital Markets,Very High,United States of America,66.0,91.0,28.0,92.0,55.0,29.0,88.0,64.0,36.0,91.0,93.86,2023.0,9.0,42128486400,0.962,3,True
NDSN,Nordson Corporation,Industrials,Industrial Machinery & Supplies & Components,IEQ,Machinery and Electrical Equipment,Medium,United States of America,32.0,26.0,31.0,78.0,35.0,34.0,84.0,36.0,35.0,82.0,11.62,2023.0,9.0,14591575040,0.902,8,True
NEM,Newmont,Materials,Gold,MNX,Metals & Mining,Very High,United States of America,77.0,68.0,37.0,74.0,82.0,39.0,83.0,83.0,40.0,83.0,99.48,2023.0,9.0,60940009472,0.513,6,True
NFLX,Netflix,Communication Services,Movies & Entertainment,PUB,"Media, Movies & Entertainment",High,United States of America,28.0,36.0,19.0,76.0,23.0,22.0,68.0,32.0,30.0,65.0,6.27,2023.0,9.0,303381020672,1.262,9,True
NI,NiSource,Utilities,Multi-Utilities,MUW,Multi and Water Utilities,Very High,United States of America,57.0,61.0,41.0,80.0,46.0,42.0,87.0,63.0,46.0,81.0,81.07,2023.0,9.0,15419760640,0.504,2,True
NKE,"Nike, Inc.",Consumer Discretionary,"Apparel, Accessories & Luxury Goods",TEX,"Textiles, Apparel & Luxury Goods",Medium,United States of America,44.0,51.0,25.0,96.0,37.0,28.0,90.0,44.0,29.0,85.0,52.22,2023.0,9.0,120908390400,1.014,9,True
NOC,Northrop Grumman,Industrials,Aerospace & Defense,ARO,Aerospace & Defense,Very High,United States of America,58.0,51.0,28.0,73.0,54.0,28.0,78.0,66.0,33.0,86.0,83.16,2023.0,9.0,76233113600,0.337,4,True
NOW,ServiceNow,Information Technology,Systems Software,SOF,Software,Very High,United States of America,57.0,59.0,22.0,92.0,52.0,24.0,82.0,61.0,35.0,77.0,81.07,2023.0,9.0,183719378944,0.987,5,True
NRG,NRG Energy,Utilities,Independent Power Producers & Energy Traders,ELC,Electric Utilities,High,United States of America,38.0,44.0,45.0,95.0,24.0,40.0,96.0,46.0,45.0,86.0,29.24,2023.0,9.0,16782821376,1.085,9,True
NTAP,NetApp,Information Technology,"Technology Hardware, Storage & Peripherals",THQ,Computers & Peripherals and Office Electronics,High,United States of America,48.0,57.0,42.0,94.0,38.0,38.0,88.0,48.0,38.0,81.0,62.14,2023.0,9.0,24377368576,1.219,2,True
NTRS,Northern Trust,Financials,Asset Management & Custody Banks,FBN,Diversified Financial Services and Capital Markets,Very High,United States of America,43.0,52.0,21.0,98.0,32.0,23.0,88.0,47.0,29.0,82.0,49.09,2023.0,9.0,18278486016,1.096,5,True
NUE,Nucor,Materials,Steel,STL,Steel,Medium,United States of America,40.0,45.0,34.0,92.0,32.0,33.0,89.0,41.0,33.0,74.0,37.47,2023.0,9.0,33929832448,1.563,7,True
NVDA,Nvidia,Information Technology,Semiconductors,SEM,Semiconductors & Semiconductor Equipment,Very High,United States of America,61.0,57.0,32.0,96.0,63.0,35.0,92.0,62.0,35.0,94.0,87.99,2023.0,9.0,2835422642176,1.673,8,True
NVR,"NVR, Inc.",Consumer Discretionary,Homebuilding,HOM,Homebuilding,Very Low,United States of America,22.0,19.0,35.0,90.0,14.0,30.0,70.0,33.0,35.0,62.0,0.91,2023.0,9.0,29192695808,1.187,9,True
NXPI,NXP Semiconductors,Information Technology,Semiconductors,SEM,Semiconductors & Semiconductor Equipment,High,Kingdom of the Netherlands,49.0,50.0,32.0,96.0,43.0,35.0,92.0,51.0,35.0,94.0,65.14,2023.0,9.0,59243253760,1.497,2,True
O,Realty Income,Real Estate,Retail REITs,REI,Equity Real Estate Investment Trusts (REITs),High,United States of America,37.0,43.0,41.0,91.0,30.0,29.0,75.0,37.0,41.0,77.0,23.63,2023.0,9.0,54585954304,0.992,5,True
OKE,ONEOK,Energy,Oil & Gas Storage & Transportation,PIP,Oil & Gas Storage & Transportation,Very High,United States of America,60.0,60.0,37.0,72.0,59.0,35.0,69.0,60.0,39.0,70.0,86.03,2023.0,9.0,55288446976,1.634,5,True
OMC,Omnicom Group,Communication Services,Advertising,PUB,"Media, Movies & Entertainment",High,United States of America,37.0,38.0,19.0,76.0,29.0,22.0,68.0,47.0,30.0,65.0,23.63,2023.0,9.0,19903373312,0.964,1,True
ON,ON Semiconductor,Information Technology,Semiconductors,SEM,Semiconductors & Semiconductor Equipment,Very High,United States of America,57.0,51.0,32.0,96.0,56.0,35.0,92.0,64.0,35.0,94.0,81.07,2023.0,9.0,30593183744,1.656,2,True
ORCL,Oracle Corporation,Information Technology,Application Software,SOF,Software,Very High,United States of America,41.0,67.0,21.0,90.0,34.0,23.0,76.0,35.0,30.0,76.0,41.25,2023.0,9.0,464054353920,1.0,10,True
OXY,Occidental Petroleum,Energy,Oil & Gas Exploration & Production,OGX,Oil & Gas Upstream & Integrated,High,United States of America,42.0,47.0,34.0,80.0,31.0,31.0,84.0,43.0,38.0,74.0,44.91,2023.0,9.0,47697215488,1.605,2,True
PANW,Palo Alto Networks,Information Technology,Systems Software,SOF,Software,Very High,United States of America,49.0,63.0,22.0,92.0,35.0,24.0,82.0,52.0,35.0,77.0,65.14,2023.0,9.0,112693567488,1.132,10,True
PARA,Paramount Global,Communication Services,Movies & Entertainment,PUB,"Media, Movies & Entertainment",Very High,United States of America,44.0,43.0,21.0,85.0,45.0,20.0,90.0,44.0,27.0,79.0,52.22,2023.0,9.0,7424509952,1.77,10,True
PAYX,Paychex,Industrials,Human Resource & Employment Services,PRO,Professional Services,Low,United States of America,37.0,46.0,37.0,99.0,30.0,34.0,90.0,42.0,41.0,81.0,23.63,2023.0,9.0,48633491456,0.993,4,True
PCAR,Paccar,Industrials,Construction Machinery & Heavy Transportation Equipment,IEQ,Machinery and Electrical Equipment,High,United States of America,39.0,47.0,27.0,78.0,32.0,28.0,88.0,37.0,29.0,81.0,33.42,2023.0,9.0,51368513536,0.901,5,True
PEG,Public Service Enterprise Group,Utilities,Electric Utilities,MUW,Multi and Water Utilities,Very High,United States of America,62.0,67.0,39.0,84.0,62.0,39.0,86.0,55.0,40.0,84.0,89.69,2023.0,9.0,42229178368,0.623,3,True
PEP,PepsiCo,Consumer Staples,Soft Drinks & Non-alcoholic Beverages,BVG,Beverages,High,United States of America,46.0,50.0,35.0,96.0,45.0,34.0,94.0,44.0,34.0,91.0,57.83,2023.0,9.0,242943328256,0.541,5,True
PFE,Pfizer,Health Care,Pharmaceuticals,DRG,Pharmaceuticals,Very High,United States of America,48.0,52.0,31.0,85.0,44.0,35.0,89.0,49.0,39.0,75.0,62.14,2023.0,9.0,169037660160,0.617,7,True
PFG,Principal Financial Group,Financials,Life & Health Insurance,INS,Insurance,Very High,United States of America,52.0,45.0,36.0,93.0,42.0,38.0,98.0,62.0,44.0,93.0,71.67,2023.0,9.0,19411369984,1.192,7,True
PGR,Progressive Corporation,Financials,Property & Casualty Insurance,INS,Insurance,Medium,United States of America,29.0,22.0,36.0,93.0,16.0,38.0,98.0,39.0,44.0,93.0,7.31,2023.0,9.0,150497378304,0.353,3,True
PHM,PulteGroup,Consumer Discretionary,Homebuilding,HOM,Homebuilding,High,United States of America,38.0,41.0,35.0,90.0,27.0,30.0,70.0,44.0,35.0,62.0,29.24,2023.0,9.0,29148821504,1.627,5,True
PKG,Packaging Corporation of America,Materials,Paper & Plastic Packaging Products & Materials,CTR,Containers & Packaging,High,United States of America,37.0,37.0,46.0,94.0,36.0,39.0,91.0,38.0,41.0,85.0,23.63,2023.0,9.0,19272724480,0.786,6,True
PLD,Prologis,Real Estate,Industrial REITs,REI,Equity Real Estate Investment Trusts (REITs),Very High,United Mexican States,55.0,79.0,41.0,91.0,39.0,29.0,75.0,42.0,41.0,77.0,77.55,2023.0,9.0,119701798912,1.083,8,True
PM,Philip Morris International,Consumer Staples,Tobacco,TOB,Tobacco,Very High,United States of America,82.0,91.0,58.0,93.0,78.0,53.0,81.0,78.0,54.0,84.0,100.0,2023.0,9.0,191598002176,0.578,5,True
PNC,PNC Financial Services,Financials,Regional Banks,BNK,Banks,Medium,United States of America,36.0,37.0,29.0,87.0,31.0,35.0,96.0,40.0,42.0,92.0,19.32,2023.0,9.0,72141553664,1.128,2,True
PNR,Pentair,Industrials,Industrial Machinery & Supplies & Components,IEQ,Machinery and Electrical Equipment,Very High,United Kingdom of Great Britain and Northern Ireland,42.0,33.0,31.0,78.0,43.0,34.0,84.0,51.0,35.0,82.0,44.91,2023.0,9.0,15541917696,1.191,5,True
PNW,Pinnacle West,Utilities,Multi-Utilities,ELC,Electric Utilities,Very High,United States of America,41.0,42.0,45.0,95.0,36.0,40.0,96.0,44.0,45.0,86.0,41.25,2023.0,9.0,10374980608,0.516,5,True
PPG,PPG Industries,Materials,Specialty Chemicals,CHM,Chemicals,High,United States of America,47.0,55.0,36.0,93.0,35.0,34.0,89.0,51.0,36.0,78.0,59.66,2023.0,9.0,29736417280,1.25,6,True
PPL,PPL Corporation,Utilities,Electric Utilities,ELC,Electric Utilities,Very High,United States of America,40.0,43.0,45.0,95.0,31.0,40.0,96.0,47.0,45.0,86.0,37.47,2023.0,9.0,24110428160,0.835,2,True
PRU,Prudential Financial,Financials,Life & Health Insurance,INS,Insurance,High,United States of America,40.0,40.0,36.0,93.0,36.0,38.0,98.0,43.0,44.0,93.0,37.47,2023.0,9.0,42368761856,1.286,4,True
PSA,Public Storage,Real Estate,Self-Storage REITs,REI,Equity Real Estate Investment Trusts (REITs),High,United States of America,39.0,40.0,41.0,91.0,31.0,29.0,75.0,45.0,41.0,77.0,33.42,2023.0,9.0,63529824256,0.67,6,True
PSX,Phillips 66,Energy,Oil & Gas Refining & Marketing,OGR,Oil & Gas Refining & Marketing,Very High,United States of America,43.0,33.0,43.0,81.0,40.0,44.0,89.0,55.0,46.0,76.0,49.09,2023.0,9.0,53702402048,1.322,7,True
PTC,PTC,Information Technology,Application Software,SOF,Software,Very High,United States of America,42.0,30.0,22.0,92.0,41.0,24.0,82.0,51.0,35.0,77.0,44.91,2023.0,9.0,21107718144,1.177,5,True
PWR,Quanta Services,Industrials,Construction & Engineering,CON,Construction & Engineering,High,United States of America,37.0,39.0,36.0,93.0,23.0,35.0,85.0,47.0,36.0,83.0,23.63,2023.0,9.0,40356634624,1.009,4,True
PYPL,PayPal,Financials,Transaction & Payment Processing Services,FBN,Diversified Financial Services and Capital Markets,Very High,United States of America,61.0,79.0,28.0,92.0,48.0,29.0,88.0,63.0,36.0,91.0,87.99,2023.0,9.0,73372622848,1.438,8,True
QCOM,Qualcomm,Information Technology,Semiconductors,SEM,Semiconductors & Semiconductor Equipment,Very High,United States of America,62.0,60.0,32.0,96.0,58.0,35.0,92.0,65.0,35.0,94.0,89.69,2023.0,9.0,187931803648,1.284,2,True
QRVO,Qorvo,Information Technology,Semiconductors,SEM,Semiconductors & Semiconductor Equipment,High,United States of America,39.0,41.0,32.0,96.0,34.0,35.0,92.0,40.0,35.0,94.0,33.42,2023.0,9.0,9529769984,1.457,7,True
REG,Regency Centers,Real Estate,Retail REITs,REI,Equity Real Estate Investment Trusts (REITs),High,United States of America,50.0,67.0,41.0,91.0,35.0,29.0,75.0,45.0,41.0,77.0,67.62,2023.0,9.0,13652682752,1.218,1,True
REGN,Regeneron,Health Care,Biotechnology,BTC,Biotechnology,Very High,United States of America,63.0,50.0,15.0,76.0,70.0,23.0,76.0,60.0,32.0,68.0,90.6,2023.0,9.0,127109210112,0.122,10,True
RF,Regions Financial Corporation,Financials,Regional Banks,BNK,Banks,High,United States of America,47.0,42.0,29.0,87.0,44.0,35.0,96.0,51.0,42.0,92.0,59.66,2023.0,9.0,20617766912,1.188,7,True
RJF,Raymond James,Financials,Investment Banking & Brokerage,FBN,Diversified Financial Services and Capital Markets,Medium,United States of America,36.0,21.0,28.0,92.0,33.0,29.0,88.0,42.0,36.0,91.0,19.32,2023.0,9.0,24853202944,1.03,7,True
RL,Ralph Lauren Corporation,Consumer Discretionary,"Apparel, Accessories & Luxury Goods",TEX,"Textiles, Apparel & Luxury Goods",High,United States of America,50.0,60.0,25.0,96.0,41.0,28.0,90.0,50.0,29.0,85.0,67.62,2023.0,9.0,11238284288,1.502,10,True
RMD,ResMed,Health Care,Health Care Equipment,PUB,"Media, Movies & Entertainment",Very High,Kingdom of Spain,53.0,66.0,19.0,76.0,52.0,22.0,68.0,48.0,30.0,65.0,73.89,2023.0,9.0,36993007616,0.691,4,True
ROK,Rockwell Automation,Industrials,Electrical Components & Equipment,ELQ,Electrical Components & Equipment,Very High,United States of America,40.0,41.0,32.0,90.0,40.0,35.0,86.0,40.0,36.0,84.0,37.47,2023.0,9.0,29864515584,1.363,9,True
ROL,"Rollins, Inc.",Industrials,Environmental & Facilities Services,ICS,Commercial Services & Supplies,Very Low,United States of America,19.0,10.0,34.0,84.0,14.0,33.0,77.0,29.0,34.0,76.0,0.52,2023.0,9.0,24893739008,0.697,9,True
ROP,Roper Technologies,Information Technology,Electronic Equipment & Instruments,SOF,Software,Very High,United States of America,40.0,37.0,22.0,92.0,35.0,24.0,82.0,47.0,35.0,77.0,37.47,2023.0,9.0,59662757888,1.022,8,True
ROST,Ross Stores,Consumer Discretionary,Apparel Retail,RTS,Retailing,Medium,United States of America,29.0,33.0,27.0,92.0,21.0,28.0,94.0,35.0,34.0,86.0,7.31,2023.0,9.0,50816126976,1.092,7,True
RSG,Republic Services,Industrials,Environmental & Facilities Services,ICS,Commercial Services & Supplies,Very High,United States of America,64.0,61.0,34.0,84.0,67.0,33.0,77.0,63.0,34.0,76.0,91.51,2023.0,9.0,64497053696,0.707,1,True
RVTY,Revvity,Health Care,Health Care Equipment,LIF,Life Sciences Tools & Services,Very High,United States of America,44.0,41.0,30.0,89.0,45.0,28.0,81.0,44.0,31.0,70.0,52.22,2023.0,9.0,15145726976,1.046,8,True
SBAC,SBA Communications,Real Estate,Telecom Tower REITs,REI,Equity Real Estate Investment Trusts (REITs),Very High,United States of America,54.0,46.0,35.0,95.0,60.0,28.0,83.0,56.0,35.0,73.0,75.59,2023.0,9.0,26340440064,0.664,7,True
SBUX,Starbucks,Consumer Discretionary,Restaurants,REX,Restaurants & Leisure Facilities,Very High,United States of America,37.0,63.0,18.0,77.0,32.0,20.0,76.0,27.0,24.0,69.0,23.63,2023.0,9.0,109285810176,0.96,1,True
SCHW,Charles Schwab Corporation,Financials,Investment Banking & Brokerage,FBN,Diversified Financial Services and Capital Markets,Medium,United States of America,34.0,19.0,28.0,92.0,29.0,29.0,88.0,43.0,36.0,91.0,15.54,2023.0,9.0,116510556160,0.964,10,True
SHW,Sherwin-Williams,Materials,Specialty Chemicals,CHM,Chemicals,Medium,United States of America,45.0,48.0,36.0,93.0,40.0,34.0,89.0,49.0,36.0,78.0,55.09,2023.0,9.0,95620767744,1.168,8,True
SLB,Schlumberger,Energy,Oil & Gas Equipment & Services,OIE,Energy Equipment & Services,Very High,United States of America,62.0,77.0,33.0,79.0,52.0,32.0,82.0,55.0,38.0,76.0,89.69,2023.0,9.0,58923360256,1.528,1,True
SNA,Snap-on,Industrials,Industrial Machinery & Supplies & Components,IEQ,Machinery and Electrical Equipment,Very Low,United States of America,28.0,21.0,31.0,78.0,31.0,34.0,84.0,34.0,35.0,82.0,6.27,2023.0,9.0,14827014144,0.974,5,True
SNPS,Synopsys,Information Technology,Application Software,SOF,Software,Very High,United States of America,43.0,46.0,22.0,92.0,32.0,24.0,82.0,51.0,35.0,77.0,49.09,2023.0,9.0,77152632832,1.078,3,True
SO,Southern Company,Utilities,Electric Utilities,ELC,Electric Utilities,Very High,United States of America,45.0,47.0,44.0,96.0,32.0,39.0,96.0,57.0,38.0,84.0,55.09,2023.0,9.0,98390876160,0.509,1,True
SPG,Simon Property Group,Real Estate,Retail REITs,REI,Equity Real Estate Investment Trusts (REITs),High,United States of America,42.0,55.0,41.0,91.0,28.0,29.0,75.0,41.0,41.0,77.0,44.91,2023.0,9.0,61818773504,1.769,10,True
SPGI,S&P Global,Financials,Financial Exchanges & Data,FBN,Diversified Financial Services and Capital Markets,Very High,United States of America,72.0,90.0,21.0,98.0,58.0,23.0,88.0,76.0,29.0,82.0,98.17,2023.0,9.0,165069996032,1.177,3,True
SRE,Sempra,Utilities,Multi-Utilities,MUW,Multi and Water Utilities,Very High,United States of America,55.0,48.0,41.0,80.0,62.0,42.0,87.0,58.0,46.0,81.0,77.55,2023.0,9.0,53152604160,0.759,7,True
STLD,Steel Dynamics,Materials,Steel,STL,Steel,Medium,United States of America,37.0,37.0,34.0,92.0,36.0,33.0,89.0,39.0,33.0,74.0,23.63,2023.0,9.0,17666150400,1.327,2,True
STT,State Street Corporation,Financials,Asset Management & Custody Banks,FBN,Diversified Financial Services and Capital Markets,Very High,United States of America,52.0,53.0,28.0,92.0,45.0,29.0,88.0,56.0,36.0,91.0,71.67,2023.0,9.0,25887369216,1.495,5,True
STX,Seagate Technology,Information Technology,"Technology Hardware, Storage & Peripherals",THQ,Computers & Peripherals and Office Electronics,High,Republic of Singapore,46.0,45.0,45.0,95.0,46.0,44.0,90.0,48.0,44.0,88.0,57.83,2021.0,5.0,21484713984,1.058,6,True
STZ,Constellation Brands,Consumer Staples,Distillers & Vintners,BVG,Beverages,Medium,United States of America,37.0,41.0,41.0,99.0,37.0,39.0,91.0,33.0,39.0,91.0,23.63,2023.0,9.0,46082215936,0.873,8,True
SWK,Stanley Black & Decker,Industrials,Industrial Machinery & Supplies & Components,IEQ,Machinery and Electrical Equipment,Very High,United States of America,45.0,41.0,31.0,78.0,35.0,34.0,84.0,56.0,35.0,82.0,55.09,2023.0,9.0,15857777664,1.236,4,True
SWKS,Skyworks Solutions,Information Technology,Semiconductors,SEM,Semiconductors & Semiconductor Equipment,High,United States of America,38.0,39.0,32.0,96.0,38.0,35.0,92.0,38.0,35.0,94.0,29.24,2023.0,9.0,15532438528,1.204,9,True
SYF,Synchrony Financial,Financials,Consumer Finance,FBN,Diversified Financial Services and Capital Markets,High,United States of America,40.0,21.0,28.0,92.0,38.0,29.0,88.0,48.0,36.0,91.0,37.47,2023.0,9.0,19441215488,1.612,8,True
SYK,Stryker Corporation,Health Care,Health Care Equipment,MTC,Health Care Equipment & Supplies,Very High,United States of America,45.0,39.0,26.0,74.0,43.0,30.0,77.0,50.0,37.0,71.0,55.09,2023.0,9.0,141744701440,0.919,5,True
SYY,Sysco,Consumer Staples,Food Distributors,FDR,Food & Staples Retailing,High,United States of America,39.0,42.0,35.0,89.0,37.0,34.0,98.0,38.0,36.0,91.0,33.42,2023.0,9.0,38230503424,1.198,6,True
T,AT&T,Communication Services,Integrated Telecommunication Services,TLS,Telecommunication Services,High,United States of America,56.0,56.0,37.0,99.0,58.0,38.0,98.0,54.0,38.0,90.0,79.24,2023.0,9.0,156167831552,0.733,1,True
TAP,Molson Coors Beverage Company,Consumer Staples,Brewers,BVG,Beverages,High,United States of America,43.0,49.0,41.0,99.0,37.0,39.0,91.0,42.0,39.0,91.0,49.09,2023.0,9.0,11506942976,0.814,10,True
TDG,TransDigm Group,Industrials,Aerospace & Defense,ARO,Aerospace & Defense,Low,United States of America,27.0,25.0,29.0,77.0,23.0,32.0,82.0,32.0,32.0,84.0,4.96,2023.0,9.0,77178421248,1.41,10,True
TEL,TE Connectivity,Information Technology,Electronic Manufacturing Services,ITC,"Electronic Equipment, Instruments & Components",Very High,Swiss Confederation,55.0,54.0,32.0,94.0,54.0,33.0,88.0,59.0,34.0,84.0,77.55,2023.0,9.0,44913152000,1.325,5,True
TER,Teradyne,Information Technology,Semiconductor Materials & Equipment,SEM,Semiconductors & Semiconductor Equipment,High,United States of America,37.0,35.0,32.0,96.0,34.0,35.0,92.0,42.0,35.0,94.0,23.63,2023.0,9.0,21165559808,1.492,1,True
TFX,Teleflex,Health Care,Health Care Equipment,MTC,Health Care Equipment & Supplies,Very High,United States of America,43.0,36.0,26.0,74.0,45.0,30.0,77.0,44.0,37.0,71.0,49.09,2023.0,9.0,11376049152,1.156,6,True
TGT,Target Corporation,Consumer Staples,Consumer Staples Merchandise Retail,FDR,Food & Staples Retailing,Very High,United States of America,54.0,63.0,35.0,89.0,43.0,34.0,98.0,55.0,36.0,91.0,75.59,2023.0,9.0,70409453568,1.238,2,True
TJX,TJX Companies,Consumer Discretionary,Apparel Retail,RTS,Retailing,High,United States of America,36.0,43.0,27.0,92.0,29.0,28.0,94.0,38.0,34.0,86.0,19.32,2023.0,9.0,134904406016,0.889,7,True
TMO,Thermo Fisher Scientific,Health Care,Life Sciences Tools & Services,LIF,Life Sciences Tools & Services,Very High,United States of America,50.0,60.0,37.0,90.0,44.0,36.0,86.0,51.0,41.0,72.0,67.62,2023.0,9.0,234602758144,0.778,3,True
TMUS,T-Mobile US,Communication Services,Wireless Telecommunication Services,TLS,Telecommunication Services,Medium,United States of America,49.0,64.0,43.0,99.0,43.0,42.0,99.0,47.0,47.0,91.0,65.14,2023.0,9.0,240183296000,0.507,10,True
TPR,"Tapestry, Inc.",Consumer Discretionary,"Apparel, Accessories & Luxury Goods",TEX,"Textiles, Apparel & Luxury Goods",Medium,United States of America,41.0,49.0,34.0,93.0,28.0,34.0,91.0,46.0,38.0,88.0,41.25,2023.0,9.0,9963964416,1.552,6,True
TRGP,Targa Resources,Energy,Oil & Gas Storage & Transportation,PIP,Oil & Gas Storage & Transportation,High,United States of America,40.0,37.0,37.0,72.0,39.0,35.0,69.0,42.0,39.0,70.0,37.47,2023.0,9.0,33304543232,2.252,8,True
TRMB,Trimble Inc.,Information Technology,Electronic Equipment & Instruments,ITC,"Electronic Equipment, Instruments & Components",High,United States of America,38.0,47.0,30.0,97.0,32.0,27.0,94.0,36.0,28.0,86.0,29.24,2023.0,9.0,14239768576,1.484,2,True
TROW,T. Rowe Price,Financials,Asset Management & Custody Banks,FBN,Diversified Financial Services and Capital Markets,Very High,United States of America,42.0,47.0,28.0,92.0,36.0,29.0,88.0,45.0,36.0,91.0,44.91,2023.0,9.0,24022775808,1.427,6,True
TSCO,Tractor Supply,Consumer Discretionary,Other Specialty Retail,RTS,Retailing,High,United States of America,38.0,39.0,27.0,92.0,29.0,28.0,94.0,46.0,34.0,86.0,29.24,2023.0,9.0,29852745728,0.799,1,True
TSLA,"Tesla, Inc.",Consumer Discretionary,Automobile Manufacturers,AUT,Automobiles,Medium,United States of America,40.0,53.0,34.0,81.0,28.0,34.0,81.0,40.0,37.0,69.0,37.47,2023.0,9.0,727962550272,2.29,10,True
TSN,Tyson Foods,Consumer Staples,Packaged Foods & Meats,FOA,Food Products,High,United States of America,38.0,39.0,28.0,88.0,51.0,30.0,87.0,24.0,28.0,83.0,29.24,2023.0,9.0,22008092672,0.777,10,True
TT,Trane Technologies,Industrials,Building Products,BLD,Building Products,Very High,Ireland,72.0,78.0,36.0,87.0,73.0,36.0,80.0,65.0,38.0,83.0,98.17,2023.0,9.0,84535984128,1.212,5,True
TXN,Texas Instruments,Information Technology,Semiconductors,SEM,Semiconductors & Semiconductor Equipment,High,United States of America,43.0,38.0,32.0,96.0,47.0,35.0,92.0,45.0,35.0,94.0,49.09,2023.0,9.0,183878336512,0.976,8,True
TXT,Textron,Industrials,Aerospace & Defense,ARO,Aerospace & Defense,Medium,United States of America,27.0,36.0,29.0,77.0,33.0,32.0,82.0,13.0,32.0,84.0,4.96,2023.0,9.0,16617225216,1.231,4,True
UAL,United Airlines Holdings,Industrials,Passenger Airlines,AIR,Airlines,Medium,United States of America,38.0,42.0,44.0,93.0,34.0,46.0,94.0,39.0,45.0,81.0,29.24,2023.0,9.0,17309820928,1.434,9,True
UDR,"UDR, Inc.",Real Estate,Multi-Family Residential REITs,REI,Equity Real Estate Investment Trusts (REITs),High,United States of America,34.0,34.0,41.0,91.0,26.0,29.0,75.0,44.0,41.0,77.0,15.54,2023.0,9.0,17647726592,0.841,9,True
UHS,Universal Health Services,Health Care,Health Care Facilities,HEA,Health Care Providers & Services,High,United States of America,22.0,17.0,29.0,78.0,29.0,31.0,91.0,17.0,35.0,80.0,0.91,2023.0,9.0,15676926976,1.282,10,True
ULTA,Ulta Beauty,Consumer Discretionary,Other Specialty Retail,RTS,Retailing,Very High,United States of America,39.0,45.0,27.0,92.0,27.0,28.0,94.0,45.0,34.0,86.0,33.42,2023.0,9.0,18704535552,1.312,3,True
UNH,UnitedHealth Group,Health Care,Managed Health Care,HEA,Health Care Providers & Services,Very High,United States of America,51.0,58.0,29.0,78.0,61.0,31.0,91.0,38.0,35.0,80.0,69.45,2023.0,9.0,533698674688,0.595,2,True
UNP,Union Pacific Corporation,Industrials,Rail Transportation,TRA,Transportation and Transportation Infrastructure,Very High,United States of America,62.0,62.0,37.0,89.0,57.0,34.0,89.0,68.0,38.0,77.0,89.69,2023.0,9.0,154462158848,1.053,1,True
UPS,United Parcel Service,Industrials,Air Freight & Logistics,TRA,Transportation and Transportation Infrastructure,Medium,United States of America,33.0,32.0,37.0,89.0,29.0,34.0,89.0,40.0,38.0,77.0,13.32,2023.0,9.0,110421450752,0.977,9,True
URI,United Rentals,Industrials,Trading Companies & Distributors,TCD,Trading Companies & Distributors,High,United States of America,39.0,49.0,29.0,82.0,31.0,24.0,67.0,43.0,25.0,61.0,33.42,2023.0,9.0,51007975424,1.681,1,True
V,Visa Inc.,Financials,Transaction & Payment Processing Services,FBN,Diversified Financial Services and Capital Markets,Very High,United States of America,63.0,83.0,21.0,98.0,66.0,23.0,88.0,54.0,29.0,82.0,90.6,2023.0,9.0,567340761088,0.963,3,True
VLO,Valero Energy,Energy,Oil & Gas Refining & Marketing,OGR,Oil & Gas Refining & Marketing,High,United States of America,46.0,51.0,43.0,81.0,40.0,44.0,89.0,45.0,46.0,76.0,57.83,2023.0,9.0,43507605504,1.381,5,True
VMC,Vulcan Materials Company,Materials,Construction Materials,COM,Construction Materials,Medium,United States of America,37.0,37.0,37.0,88.0,35.0,36.0,93.0,41.0,39.0,87.0,23.63,2023.0,9.0,32370546688,0.815,6,True
VRSK,Verisk,Industrials,Research & Consulting Services,PRO,Professional Services,High,United States of America,52.0,59.0,37.0,99.0,44.0,34.0,90.0,58.0,41.0,81.0,71.67,2023.0,9.0,38368903168,0.863,5,True
VRSN,Verisign,Information Technology,Internet Services & Infrastructure,TSV,IT services,Low,United States of America,30.0,11.0,33.0,94.0,29.0,33.0,90.0,46.0,39.0,88.0,9.14,2023.0,9.0,17847136256,0.903,4,True
VRTX,Vertex Pharmaceuticals,Health Care,Biotechnology,BTC,Biotechnology,Very High,United States of America,39.0,37.0,15.0,76.0,35.0,23.0,76.0,43.0,32.0,68.0,33.42,2023.0,9.0,126323048448,0.406,8,True
VTR,Ventas,Real Estate,Health Care REITs,REI,Equity Real Estate Investment Trusts (REITs),High,United States of America,54.0,63.0,35.0,95.0,45.0,28.0,83.0,54.0,35.0,73.0,75.59,2023.0,9.0,26731040768,1.388,3,True
VZ,Verizon,Communication Services,Integrated Telecommunication Services,TLS,Telecommunication Services,Medium,United States of America,36.0,37.0,43.0,99.0,31.0,42.0,99.0,42.0,47.0,91.0,19.32,2023.0,9.0,185555648512,0.407,1,True
WAT,Waters Corporation,Health Care,Life Sciences Tools & Services,LIF,Life Sciences Tools & Services,Very High,United States of America,61.0,65.0,37.0,90.0,69.0,36.0,86.0,50.0,41.0,72.0,87.99,2023.0,9.0,19528284160,0.955,7,True
WBA,Walgreens Boots Alliance,Consumer Staples,Drug Retail,FDR,Food & Staples Retailing,Very High,United States of America,52.0,57.0,35.0,89.0,58.0,34.0,98.0,38.0,36.0,91.0,71.67,2023.0,9.0,7821272064,0.683,7,True
WDC,Western Digital,Information Technology,"Technology Hardware, Storage & Peripherals",THQ,Computers & Peripherals and Office Electronics,High,United States of America,53.0,60.0,42.0,94.0,47.0,38.0,88.0,53.0,38.0,81.0,73.89,2023.0,9.0,22630051840,1.38,8,True
WEC,WEC Energy Group,Utilities,Electric Utilities,MUW,Multi and Water Utilities,Very High,United States of America,48.0,47.0,39.0,84.0,44.0,39.0,86.0,51.0,40.0,84.0,62.14,2023.0,9.0,30387875840,0.435,4,True
WELL,Welltower,Real Estate,Health Care REITs,REI,Equity Real Estate Investment Trusts (REITs),Very High,United States of America,58.0,72.0,41.0,91.0,47.0,29.0,75.0,54.0,41.0,77.0,83.16,2023.0,9.0,78689722368,1.201,3,True
WFC,Wells Fargo,Financials,Diversified Banks,BNK,Banks,High,United States of America,38.0,45.0,26.0,81.0,38.0,30.0,93.0,36.0,35.0,89.0,29.24,2023.0,9.0,185539510272,1.161,5,True
WM,Waste Management,Industrials,Environmental & Facilities Services,ICS,Commercial Services & Supplies,High,Commonwealth of Australia,43.0,38.0,34.0,84.0,43.0,33.0,77.0,46.0,34.0,76.0,49.09,2023.0,9.0,83601956864,0.753,1,True
WMB,Williams Companies,Energy,Oil & Gas Storage & Transportation,PIP,Oil & Gas Storage & Transportation,Very High,United States of America,71.0,72.0,37.0,72.0,69.0,35.0,69.0,70.0,39.0,70.0,97.65,2023.0,9.0,55497883648,1.079,3,True
WMT,Walmart,Consumer Staples,Consumer Staples Merchandise Retail,FDR,Food & Staples Retailing,Very High,United States of America,52.0,67.0,35.0,89.0,36.0,34.0,98.0,53.0,36.0,91.0,71.67,2023.0,9.0,631806427136,0.515,3,True
WRB,W. R. Berkley Corporation,Financials,Property & Casualty Insurance,INS,Insurance,Medium,United States of America,26.0,23.0,36.0,93.0,21.0,38.0,98.0,31.0,44.0,93.0,3.39,2023.0,9.0,22357321728,0.623,9,True
WTW,Willis Towers Watson,Financials,Insurance Brokers,INS,Insurance,High,United Kingdom of Great Britain and Northern Ireland,40.0,41.0,36.0,93.0,33.0,38.0,98.0,44.0,44.0,93.0,37.47,2023.0,9.0,29749815296,0.745,7,True
WY,Weyerhaeuser,Real Estate,Timber REITs,REI,Equity Real Estate Investment Trusts (REITs),Very High,United States of America,65.0,66.0,41.0,91.0,60.0,29.0,75.0,70.0,41.0,77.0,92.69,2023.0,9.0,24183224320,1.418,3,True
WYNN,Wynn Resorts,Consumer Discretionary,Casinos & Gaming,CNO,Casinos & Gaming,Medium,United States of America,27.0,23.0,37.0,85.0,33.0,35.0,74.0,23.0,40.0,66.0,4.96,2023.0,9.0,8879360000,1.799,8,True
XEL,Xcel Energy,Utilities,Multi-Utilities,ELC,Electric Utilities,Very High,United States of America,44.0,48.0,44.0,96.0,32.0,39.0,96.0,51.0,38.0,84.0,52.22,2023.0,9.0,35992227840,0.397,2,True
XYL,Xylem Inc.,Industrials,Industrial Machinery & Supplies & Components,IEQ,Machinery and Electrical Equipment,Very High,United States of America,50.0,45.0,31.0,78.0,51.0,34.0,84.0,55.0,35.0,82.0,67.62,2023.0,9.0,32338771968,1.037,3,True
YUM,Yum! Brands,Consumer Discretionary,Restaurants,REX,Restaurants & Leisure Facilities,Very High,United States of America,58.0,64.0,18.0,77.0,56.0,20.0,76.0,57.0,24.0,69.0,83.16,2023.0,9.0,37833572352,1.081,2,True
ZBH,Zimmer Biomet,Health Care,Health Care Equipment,MTC,Health Care Equipment & Supplies,High,United States of America,38.0,29.0,26.0,74.0,39.0,30.0,77.0,39.0,37.0,71.0,29.24,2023.0,9.0,21635987456,1.026,2,True
ZTS,Zoetis,Health Care,Pharmaceuticals,DRG,Pharmaceuticals,Medium,United States of America,46.0,36.0,31.0,85.0,43.0,35.0,89.0,52.0,39.0,75.0,57.83,2023.0,9.0,88666619904,0.883,3,True
